,timestep,num-issues,num-choices,num-labels,strenght-of-influence,multi-issue-discourse,ignorring,prob-droping-label,SW-index,cosine-similarity,change-rate
0,0,1,5,6,20,20,1,0.0001,0.9974531419251306,0.9955545805733612,0.0
1,10,1,5,6,20,20,1,0.0001,0.9878543824597076,0.9723086429778466,0.5908
2,20,1,5,6,20,20,1,0.0001,0.9646802976773288,0.9251595656294442,0.3736
3,30,1,5,6,20,20,1,0.0001,0.9322430164071082,0.8606275910305341,0.2892
4,40,1,5,6,20,20,1,0.0001,0.8775009800440419,0.7849364616858265,0.2704
5,50,1,5,6,20,20,1,0.0001,0.8024212730626576,0.6946029879094956,0.2184
6,60,1,5,6,20,20,1,0.0001,0.6900331592937721,0.6011724714412969,0.1968
7,70,1,5,6,20,20,1,0.0001,0.5907534160680034,0.5421930765601327,0.1544
8,80,1,5,6,20,20,1,0.0001,0.4702922530550111,0.4864513256015644,0.1292
9,90,1,5,6,20,20,1,0.0001,0.3725499482271428,0.4383656325062292,0.1048
10,100,1,5,6,20,20,1,0.0001,0.303837435767445,0.4077048762545964,0.0764
11,110,1,5,6,20,20,1,0.0001,0.237116055583347,0.3861837619500908,0.056
12,120,1,5,6,20,20,1,0.0001,0.1892376391972438,0.3702997822805031,0.0452
13,130,1,5,6,20,20,1,0.0001,0.1385811659259011,0.3562184649033426,0.0376
14,140,1,5,6,20,20,1,0.0001,0.1043019457295809,0.347596458699014,0.0236
15,150,1,5,6,20,20,1,0.0001,0.0707523692366175,0.3415244212917838,0.018
16,160,1,5,6,20,20,1,0.0001,0.0484580356501027,0.3384087657090671,0.0108
17,170,1,5,6,20,20,1,0.0001,0.0363616738528072,0.3366763868508309,0.0064
18,180,1,5,6,20,20,1,0.0001,0.0260959073964436,0.3356672460998083,0.0036
19,190,1,5,6,20,20,1,0.0001,0.0217439994276613,0.3351934875559377,0.0012
20,200,1,5,6,20,20,1,0.0001,0.0168921699522552,0.3348459346362335,0.0016
21,210,1,5,6,20,20,1,0.0001,0.0231598985481542,0.3355343135030438,0.0
22,220,1,5,6,20,20,1,0.0001,0.0343169463377782,0.3364805664576926,0.0
23,230,1,5,6,20,20,1,0.0001,0.0358555338045344,0.3366048330908905,0.0004
24,240,1,5,6,20,20,1,0.0001,0.0358753489298754,0.3366069369215529,0.0004
25,250,1,5,6,20,20,1,0.0001,0.0358907041899672,0.3366094215762552,0.0004
26,260,1,5,6,20,20,1,0.0001,0.038865452325138,0.3368105236066897,0.0012
27,270,1,5,6,20,20,1,0.0001,0.0403050305620087,0.3369121651570791,0.0012
28,280,1,5,6,20,20,1,0.0001,0.0429017282404733,0.3371513355811125,0.0
29,290,1,5,6,20,20,1,0.0001,0.0441849348218777,0.3373878134362399,0.0
30,300,1,5,6,20,20,1,0.0001,0.0517326638333661,0.3379776552854861,0.0
31,310,1,5,6,20,20,1,0.0001,0.0528389201279664,0.3382565924690288,0.0004
32,320,1,5,6,20,20,1,0.0001,0.0586058844687597,0.3391187626010336,0.0
33,330,1,5,6,20,20,1,0.0001,0.0586058844687597,0.3391187626010336,0.0
34,340,1,5,6,20,20,1,0.0001,0.0567966771231671,0.3389926943820866,0.0008
35,350,1,5,6,20,20,1,0.0001,0.0537542285509052,0.3386295499606811,0.0012
36,360,1,5,6,20,20,1,0.0001,0.0525029963278133,0.338395770506032,0.0004
37,370,1,5,6,20,20,1,0.0001,0.0539223506219887,0.3385135491897777,0.0004
38,380,1,5,6,20,20,1,0.0001,0.0550352256850144,0.338637343429434,0.0004
39,390,1,5,6,20,20,1,0.0001,0.0552301325089967,0.3387934961002786,0.0012
40,400,1,5,6,20,20,1,0.0001,0.05749320202828,0.3387914125565054,0.0008
41,410,1,5,6,20,20,1,0.0001,0.0569195220612651,0.338778318859549,0.0004
42,420,1,5,6,20,20,1,0.0001,0.0579689010277404,0.3388835008598612,0.0004
43,430,1,5,6,20,20,1,0.0001,0.0588123611313707,0.3392179357801568,0.0012
44,440,1,5,6,20,20,1,0.0001,0.0591346744734829,0.3392203312032876,0.0008
45,450,1,5,6,20,20,1,0.0001,0.0576157220636268,0.3392186222329953,0.0008
46,460,1,5,6,20,20,1,0.0001,0.0607070905748991,0.3394673738450263,0.0
47,470,1,5,6,20,20,1,0.0001,0.0656593580095869,0.3398308645106333,0.0
48,480,1,5,6,20,20,1,0.0001,0.0685869287430377,0.3401783610130099,0.0004
49,490,1,5,6,20,20,1,0.0001,0.068500722681655,0.3402953080900794,0.0008
50,500,1,5,6,20,20,1,0.0001,0.0657644334312118,0.3400493060050194,0.0012
51,600,1,5,6,20,20,1,0.0001,0.0730814174314345,0.3410585933930212,0.0048
52,700,1,5,6,20,20,1,0.0001,0.0864246509033421,0.3431422836251296,0.0036
53,800,1,5,6,20,20,1,0.0001,0.0993206362208642,0.3452305375271399,0.004
54,900,1,5,6,20,20,1,0.0001,0.1138985054358904,0.3467157795518227,0.0032
55,1000,1,5,6,20,20,1,0.0001,0.1202308879912817,0.3471252518862274,0.0036
56,1100,1,5,6,20,20,1,0.0001,0.1356295824759334,0.349040725657704,0.0032
57,1200,1,5,6,20,20,1,0.0001,0.1383891876629296,0.3492748992005555,0.0036
58,1300,1,5,6,20,20,1,0.0001,0.1402041148854489,0.3496915094470241,0.0036
59,1400,1,5,6,20,20,1,0.0001,0.1476662387648136,0.3510208699855112,0.004
60,1500,1,5,6,20,20,1,0.0001,0.1629767975701899,0.3536862455410353,0.0032
61,1600,1,5,6,20,20,1,0.0001,0.1717738076176621,0.3544596046574791,0.0044
62,1700,1,5,6,20,20,1,0.0001,0.1839857346585103,0.3567725436704477,0.0024
63,1800,1,5,6,20,20,1,0.0001,0.1905917803435877,0.3583379376580481,0.0032
64,1900,1,5,6,20,20,1,0.0001,0.1931706729078778,0.3593474333322484,0.004
65,2000,1,5,6,20,20,1,0.0001,0.2094057427304138,0.3622516998440751,0.0048
66,2100,1,5,6,20,20,1,0.0001,0.2237852527851487,0.3652207879544137,0.0024
67,2200,1,5,6,20,20,1,0.0001,0.2392122291635696,0.3684169121193798,0.0024
68,2300,1,5,6,20,20,1,0.0001,0.2509184943614728,0.3706715022372577,0.0032
69,2400,1,5,6,20,20,1,0.0001,0.2583541593758785,0.3727211165682703,0.0016
70,2500,1,5,6,20,20,1,0.0001,0.262269388768332,0.3739166938887375,0.002
71,2600,1,5,6,20,20,1,0.0001,0.2681743237171821,0.3755335555889069,0.0028
72,2700,1,5,6,20,20,1,0.0001,0.2845758121773212,0.3793387426567673,0.0028
73,2800,1,5,6,20,20,1,0.0001,0.2910332231737553,0.3811346966074168,0.0028
74,2900,1,5,6,20,20,1,0.0001,0.2951780080072051,0.3826797876705728,0.0036
75,3000,1,5,6,20,20,1,0.0001,0.2930049366788501,0.3828746977635502,0.0068
76,3100,1,5,6,20,20,1,0.0001,0.3056335566026625,0.3864631152989018,0.002
77,3200,1,5,6,20,20,1,0.0001,0.3124569271743794,0.3880611571968422,0.002
78,3300,1,5,6,20,20,1,0.0001,0.3200444543742198,0.3900595009269093,0.0044
79,3400,1,5,6,20,20,1,0.0001,0.3206424865370591,0.3905974625070668,0.0036
80,3500,1,5,6,20,20,1,0.0001,0.3377298653693728,0.3946028702251578,0.002
81,3600,1,5,6,20,20,1,0.0001,0.3487920482785341,0.3983654234776128,0.0028
82,3700,1,5,6,20,20,1,0.0001,0.358817521214551,0.4009809931462998,0.0036
83,3800,1,5,6,20,20,1,0.0001,0.3751795977850267,0.4056293506709935,0.0036
84,3900,1,5,6,20,20,1,0.0001,0.3783373353087225,0.4061231377334804,0.0044
85,4000,1,5,6,20,20,1,0.0001,0.3874854660403055,0.409487031481633,0.002
86,4100,1,5,6,20,20,1,0.0001,0.3888522775060949,0.4093162856511227,0.0052
87,4200,1,5,6,20,20,1,0.0001,0.3955579367338684,0.4123846561450299,0.0044
88,4300,1,5,6,20,20,1,0.0001,0.3963788875138092,0.4124422897932792,0.0032
89,4400,1,5,6,20,20,1,0.0001,0.4071176982921309,0.4157638266793329,0.0008
90,4500,1,5,6,20,20,1,0.0001,0.4195334828514291,0.4201446559377836,0.0024
91,4600,1,5,6,20,20,1,0.0001,0.4237978371734054,0.4213979440956301,0.0028
92,4700,1,5,6,20,20,1,0.0001,0.4250185614174834,0.4229519860317154,0.004
93,4800,1,5,6,20,20,1,0.0001,0.4333266785761299,0.4259057175620672,0.0036
94,4900,1,5,6,20,20,1,0.0001,0.4347183576269369,0.4268739883090747,0.0036
95,5000,1,5,6,20,20,1,0.0001,0.4410393586502255,0.4296997305336547,0.0028
96,5100,1,5,6,20,20,1,0.0001,0.4393540476795349,0.4285929613549014,0.0032
97,5200,1,5,6,20,20,1,0.0001,0.4448025617969675,0.4306376124767589,0.0004
98,5300,1,5,6,20,20,1,0.0001,0.4482994211517827,0.4320323485660016,0.0028
99,5400,1,5,6,20,20,1,0.0001,0.4618633917033152,0.4374982720582376,0.0016
100,5500,1,5,6,20,20,1,0.0001,0.4621377500875279,0.4374950126779535,0.0048
101,5600,1,5,6,20,20,1,0.0001,0.4711007433202117,0.4404186619117932,0.0016
102,5700,1,5,6,20,20,1,0.0001,0.4820661228916271,0.4451178473426299,0.002
103,5800,1,5,6,20,20,1,0.0001,0.4881546180445887,0.4473973147429202,0.0028
104,5900,1,5,6,20,20,1,0.0001,0.4912491548890546,0.4487845846958714,0.0032
105,6000,1,5,6,20,20,1,0.0001,0.4945108598167276,0.4508171916242431,0.002
106,6100,1,5,6,20,20,1,0.0001,0.5033741705267744,0.4551897156075454,0.0028
107,6200,1,5,6,20,20,1,0.0001,0.5095291992124478,0.4579613349910741,0.0036
108,6300,1,5,6,20,20,1,0.0001,0.5136334214348346,0.4597022241263096,0.0024
109,6400,1,5,6,20,20,1,0.0001,0.5155808847198711,0.4613692168922297,0.0024
110,6500,1,5,6,20,20,1,0.0001,0.5189915738204073,0.4646540154151706,0.002
111,6600,1,5,6,20,20,1,0.0001,0.52132548563403,0.4661767613805819,0.0024
112,6700,1,5,6,20,20,1,0.0001,0.5289659818412594,0.4695735513117389,0.0016
113,6800,1,5,6,20,20,1,0.0001,0.5361824935170242,0.4739998735494865,0.0028
114,6900,1,5,6,20,20,1,0.0001,0.539469040744483,0.4755307896836694,0.0036
115,7000,1,5,6,20,20,1,0.0001,0.5414941045188042,0.4753843350627373,0.0032
116,7100,1,5,6,20,20,1,0.0001,0.5415818509715314,0.4763435599182447,0.0044
117,7200,1,5,6,20,20,1,0.0001,0.5446001565570397,0.4788983737380093,0.0036
118,7300,1,5,6,20,20,1,0.0001,0.5471566877878187,0.4792875374880475,0.0036
119,7400,1,5,6,20,20,1,0.0001,0.552813554741792,0.483157084182151,0.0028
120,7500,1,5,6,20,20,1,0.0001,0.5560085164566321,0.4837012630243823,0.004
121,7600,1,5,6,20,20,1,0.0001,0.5574199968264772,0.4854570465176729,0.004
122,7700,1,5,6,20,20,1,0.0001,0.5577618147064775,0.4874096660896068,0.0028
123,7800,1,5,6,20,20,1,0.0001,0.5681338944393356,0.4925725960270257,0.002
124,7900,1,5,6,20,20,1,0.0001,0.5654944492662847,0.490105872348186,0.0044
125,8000,1,5,6,20,20,1,0.0001,0.5743470450558615,0.4965445275939777,0.0016
126,8100,1,5,6,20,20,1,0.0001,0.5839565208443048,0.5023994219323,0.002
127,8200,1,5,6,20,20,1,0.0001,0.5876363307764778,0.5043381559028903,0.0012
128,8300,1,5,6,20,20,1,0.0001,0.5909447699954486,0.5068826740503292,0.002
129,8400,1,5,6,20,20,1,0.0001,0.5915553115236877,0.5077612157907188,0.0028
130,8500,1,5,6,20,20,1,0.0001,0.5942100587205817,0.5100763914313329,0.0044
131,8600,1,5,6,20,20,1,0.0001,0.595608917658657,0.5103206842889605,0.004
132,8700,1,5,6,20,20,1,0.0001,0.6008234503842161,0.5133876520897579,0.002
133,8800,1,5,6,20,20,1,0.0001,0.5999550745338059,0.5122023881929997,0.0032
134,8900,1,5,6,20,20,1,0.0001,0.6002867778153967,0.5126974811111159,0.0028
135,9000,1,5,6,20,20,1,0.0001,0.600708058744254,0.5145203049467891,0.004
136,9100,1,5,6,20,20,1,0.0001,0.6040021263475611,0.5173982160486524,0.0024
137,9200,1,5,6,20,20,1,0.0001,0.6058574261469846,0.5187985277474554,0.0008
138,9300,1,5,6,20,20,1,0.0001,0.6100812985983448,0.5217944085995799,0.0028
139,9400,1,5,6,20,20,1,0.0001,0.6105026858248459,0.5239998581374377,0.0036
140,9500,1,5,6,20,20,1,0.0001,0.6117637153863348,0.5244022348093337,0.002
141,9600,1,5,6,20,20,1,0.0001,0.6137702955832578,0.5249570414286394,0.0032
142,9700,1,5,6,20,20,1,0.0001,0.6197672700508476,0.528826010972769,0.0012
143,9800,1,5,6,20,20,1,0.0001,0.6227901049425723,0.5322951279610196,0.002
144,9900,1,5,6,20,20,1,0.0001,0.6248020301130939,0.5341195789475721,0.0032
145,10000,1,5,6,20,20,1,0.0001,0.6277774512131308,0.5380743746870772,0.0012
146,10100,1,5,6,20,20,1,0.0001,0.6291154724921216,0.5388761491909514,0.0024
147,10200,1,5,6,20,20,1,0.0001,0.6331796765412306,0.5420328115954869,0.0012
148,10300,1,5,6,20,20,1,0.0001,0.6335037842689538,0.5431534495585032,0.0032
149,10400,1,5,6,20,20,1,0.0001,0.6353659958934926,0.5458139947865704,0.0024
150,10500,1,5,6,20,20,1,0.0001,0.6388033563268242,0.5495568357981369,0.0016
151,10600,1,5,6,20,20,1,0.0001,0.6420359056608951,0.5524415193891153,0.002
152,10700,1,5,6,20,20,1,0.0001,0.648303716136574,0.5571738105033562,0.0012
153,10800,1,5,6,20,20,1,0.0001,0.6469363179519205,0.5568804641621331,0.0028
154,10900,1,5,6,20,20,1,0.0001,0.6488066886995117,0.5578562105051917,0.0044
155,11000,1,5,6,20,20,1,0.0001,0.6560598143585666,0.5652202018766163,0.0016
156,11100,1,5,6,20,20,1,0.0001,0.6573979243997049,0.5677774900110389,0.002
157,11200,1,5,6,20,20,1,0.0001,0.6627212895442004,0.5736968134171666,0.0024
158,11300,1,5,6,20,20,1,0.0001,0.6659664377596105,0.5777277606560133,0.0016
159,11400,1,5,6,20,20,1,0.0001,0.6650676775484506,0.5789703811899922,0.004
160,11500,1,5,6,20,20,1,0.0001,0.6666174684677973,0.5801605426060588,0.0036
161,11600,1,5,6,20,20,1,0.0001,0.6684731224194641,0.5807316907171152,0.0028
162,11700,1,5,6,20,20,1,0.0001,0.6702913080193219,0.5820839948921147,0.0016
163,11800,1,5,6,20,20,1,0.0001,0.6705925128286996,0.5851808520888412,0.004
164,11900,1,5,6,20,20,1,0.0001,0.6730722260898653,0.5876986031288683,0.0012
165,12000,1,5,6,20,20,1,0.0001,0.6791563384179132,0.592999305798122,0.0012
166,12100,1,5,6,20,20,1,0.0001,0.6831490366032313,0.5961324726477774,0.0012
167,12200,1,5,6,20,20,1,0.0001,0.6888454909668574,0.6028457302745428,0.0012
168,12300,1,5,6,20,20,1,0.0001,0.6901248265627791,0.6047438261914788,0.0012
169,12400,1,5,6,20,20,1,0.0001,0.6904067472223221,0.6070716942049726,0.0036
170,12500,1,5,6,20,20,1,0.0001,0.6913560210584171,0.6079879352950076,0.0008
171,12600,1,5,6,20,20,1,0.0001,0.6917087873490925,0.6105462968615052,0.0036
172,12700,1,5,6,20,20,1,0.0001,0.6934242285934672,0.6130641423530188,0.002
173,12800,1,5,6,20,20,1,0.0001,0.6952006781215879,0.6148458339554289,0.0028
174,12900,1,5,6,20,20,1,0.0001,0.6943468293644218,0.6162924653729261,0.0036
175,13000,1,5,6,20,20,1,0.0001,0.6930537181844163,0.6169647724256324,0.0028
176,13100,1,5,6,20,20,1,0.0001,0.697020652540468,0.6195058418295707,0.0
177,13200,1,5,6,20,20,1,0.0001,0.6973493157143107,0.6214044807201429,0.002
178,13300,1,5,6,20,20,1,0.0001,0.7035404654975365,0.6275742871169957,0.0004
179,13400,1,5,6,20,20,1,0.0001,0.7058545049588654,0.6303643358115941,0.0008
180,13500,1,5,6,20,20,1,0.0001,0.7108434631812406,0.6375446952997863,0.002
181,13600,1,5,6,20,20,1,0.0001,0.7136165144813581,0.6408121722821822,0.0016
182,13700,1,5,6,20,20,1,0.0001,0.7143162268089016,0.6424725021406326,0.0028
183,13800,1,5,6,20,20,1,0.0001,0.7146459834029759,0.643524355025359,0.0012
184,13900,1,5,6,20,20,1,0.0001,0.7139246782776948,0.6452459995110394,0.0032
185,14000,1,5,6,20,20,1,0.0001,0.7172064485844828,0.6499144630585296,0.0016
186,14100,1,5,6,20,20,1,0.0001,0.7190480967996469,0.653038284504574,0.0016
187,14200,1,5,6,20,20,1,0.0001,0.7193996276959581,0.6553712915525258,0.0016
188,14300,1,5,6,20,20,1,0.0001,0.72257260988324,0.6578480217100985,0.0012
189,14400,1,5,6,20,20,1,0.0001,0.7251423718588436,0.6622435312123874,0.0024
190,14500,1,5,6,20,20,1,0.0001,0.730218006691136,0.6685178095288181,0.002
191,14600,1,5,6,20,20,1,0.0001,0.7301071835356296,0.668386023119184,0.0012
192,14700,1,5,6,20,20,1,0.0001,0.7306414714079502,0.6724045243515553,0.0028
193,14800,1,5,6,20,20,1,0.0001,0.733061524315462,0.6752354349615425,0.002
194,14900,1,5,6,20,20,1,0.0001,0.7323800747138867,0.6764289509402862,0.0032
195,15000,1,5,6,20,20,1,0.0001,0.7321067561328722,0.6770436024676152,0.0024
196,15100,1,5,6,20,20,1,0.0001,0.7308414337487011,0.679370940097782,0.004
197,15200,1,5,6,20,20,1,0.0001,0.7329557340872447,0.6852419179327423,0.0008
198,15300,1,5,6,20,20,1,0.0001,0.7311659117164963,0.6845259766198841,0.0024
199,15400,1,5,6,20,20,1,0.0001,0.7325802014567819,0.6867283955318365,0.0008
200,15500,1,5,6,20,20,1,0.0001,0.7363632894858029,0.6911084777710217,0.0004
201,15600,1,5,6,20,20,1,0.0001,0.7390461005985106,0.6940170704157501,0.0016
202,15700,1,5,6,20,20,1,0.0001,0.7435147612324554,0.6998185557177246,0.0008
203,15800,1,5,6,20,20,1,0.0001,0.7403815738883645,0.6988846818326154,0.0036
204,15900,1,5,6,20,20,1,0.0001,0.7431937165128862,0.7020758424331832,0.0016
205,16000,1,5,6,20,20,1,0.0001,0.7435835668985026,0.7047443057509769,0.002
206,16100,1,5,6,20,20,1,0.0001,0.7447145918302697,0.706746051703973,0.0008
207,16200,1,5,6,20,20,1,0.0001,0.7460006568701799,0.7116557996764721,0.0024
208,16300,1,5,6,20,20,1,0.0001,0.744954363533881,0.7119028921176599,0.0024
209,16400,1,5,6,20,20,1,0.0001,0.7461935552549637,0.7142897492822002,0.0012
210,16500,1,5,6,20,20,1,0.0001,0.7454551957898778,0.7144084483263937,0.002
211,16600,1,5,6,20,20,1,0.0001,0.7455233015514713,0.7144757442663126,0.0016
212,16700,1,5,6,20,20,1,0.0001,0.7441915731202716,0.7139414257211671,0.0028
213,16800,1,5,6,20,20,1,0.0001,0.7453337824226361,0.7158810090400044,0.0004
214,16900,1,5,6,20,20,1,0.0001,0.744723921608413,0.7174844581614379,0.0028
215,17000,1,5,6,20,20,1,0.0001,0.7445779936181882,0.7201024555149387,0.0016
216,17100,1,5,6,20,20,1,0.0001,0.747306263946871,0.7230508214702698,0.0008
217,17200,1,5,6,20,20,1,0.0001,0.747848651488801,0.7265446424753687,0.002
218,17300,1,5,6,20,20,1,0.0001,0.7478785606564147,0.7292678816225687,0.002
219,17400,1,5,6,20,20,1,0.0001,0.7493030998438561,0.7329452027287483,0.0016
220,17500,1,5,6,20,20,1,0.0001,0.7510961828920162,0.7362780578852762,0.0012
221,17600,1,5,6,20,20,1,0.0001,0.7514849004114047,0.7368827493255556,0.002
222,17700,1,5,6,20,20,1,0.0001,0.7519811000931873,0.7393309808284252,0.0016
223,17800,1,5,6,20,20,1,0.0001,0.7546819852006146,0.7429803917095207,0.0016
224,17900,1,5,6,20,20,1,0.0001,0.757397395159448,0.7472248118714021,0.0008
225,18000,1,5,6,20,20,1,0.0001,0.7594832132259509,0.7504166467408379,0.0004
226,18100,1,5,6,20,20,1,0.0001,0.7584225602948714,0.7501890810021169,0.0016
227,18200,1,5,6,20,20,1,0.0001,0.7572516047832608,0.7521736688962106,0.0032
228,18300,1,5,6,20,20,1,0.0001,0.760285530456997,0.7571445596302675,0.0008
229,18400,1,5,6,20,20,1,0.0001,0.7608012160292136,0.761540725603425,0.002
230,18500,1,5,6,20,20,1,0.0001,0.7608065940913207,0.7641591967323798,0.002
231,18600,1,5,6,20,20,1,0.0001,0.7632315536130614,0.7659418507476341,0.0012
232,18700,1,5,6,20,20,1,0.0001,0.7640989796904317,0.7675238831523808,0.0008
233,18800,1,5,6,20,20,1,0.0001,0.7656725587749986,0.7689383081924519,0.0
234,18900,1,5,6,20,20,1,0.0001,0.7668727102448732,0.771753770274597,0.0008
235,19000,1,5,6,20,20,1,0.0001,0.7681249150989827,0.7736667698638326,0.0016
236,19100,1,5,6,20,20,1,0.0001,0.7704200851348059,0.7787586435556956,0.0008
237,19200,1,5,6,20,20,1,0.0001,0.7708748815595667,0.780908049223653,0.0028
238,19300,1,5,6,20,20,1,0.0001,0.7729312759013132,0.7852556296329709,0.0012
239,19400,1,5,6,20,20,1,0.0001,0.7726080685296401,0.7877151763098186,0.002
240,19500,1,5,6,20,20,1,0.0001,0.7735582984149212,0.7887675041450789,0.0012
241,19600,1,5,6,20,20,1,0.0001,0.7724942278610086,0.7891914578671925,0.0016
242,19700,1,5,6,20,20,1,0.0001,0.7732249276725046,0.791541336582804,0.0016
243,19800,1,5,6,20,20,1,0.0001,0.7728386381293374,0.7926784782884511,0.002
244,19900,1,5,6,20,20,1,0.0001,0.7743326687879709,0.795351946840853,0.0008
245,20000,1,5,6,20,20,1,0.0001,0.7745399788282802,0.7984825063320916,0.0028
246,20100,1,5,6,20,20,1,0.0001,0.7770566982804015,0.8034395647545531,0.0016
247,20200,1,5,6,20,20,1,0.0001,0.7816868285604371,0.8101246115422436,0.0
248,20300,1,5,6,20,20,1,0.0001,0.7817425672743198,0.8108982295134314,0.0016
249,20400,1,5,6,20,20,1,0.0001,0.7810003288557601,0.8111334771847618,0.0008
250,20500,1,5,6,20,20,1,0.0001,0.7792145060645298,0.8110588510033504,0.002
251,20600,1,5,6,20,20,1,0.0001,0.7791278705516643,0.8111736444595513,0.002
252,20700,1,5,6,20,20,1,0.0001,0.7794965895852181,0.8112739097330252,0.002
253,20800,1,5,6,20,20,1,0.0001,0.7767447182513609,0.8108306636823873,0.0024
254,20900,1,5,6,20,20,1,0.0001,0.7802225591883447,0.8175894237324738,0.0012
255,21000,1,5,6,20,20,1,0.0001,0.7791187729647512,0.8196132471561935,0.0012
256,21100,1,5,6,20,20,1,0.0001,0.7801185254435964,0.8228145282530119,0.002
257,21200,1,5,6,20,20,1,0.0001,0.77959040910667,0.8237272682557811,0.0008
258,21300,1,5,6,20,20,1,0.0001,0.7799234087217634,0.82836609607099,0.0024
259,21400,1,5,6,20,20,1,0.0001,0.7804012526064857,0.8294422020023132,0.0012
260,21500,1,5,6,20,20,1,0.0001,0.7794825033025082,0.8289591608475881,0.002
261,21600,1,5,6,20,20,1,0.0001,0.7794933930253177,0.8313576799350807,0.002
262,21700,1,5,6,20,20,1,0.0001,0.7811042715661288,0.8351632395909495,0.0004
263,21800,1,5,6,20,20,1,0.0001,0.7818094424946368,0.8361395327031138,0.0016
264,21900,1,5,6,20,20,1,0.0001,0.7804245273484929,0.8373557455188148,0.0028
265,22000,1,5,6,20,20,1,0.0001,0.7801708623563018,0.8393906349937332,0.0024
266,22100,1,5,6,20,20,1,0.0001,0.7802753798746189,0.8396301032473849,0.002
267,22200,1,5,6,20,20,1,0.0001,0.7806887159717643,0.8417340922534036,0.002
268,22300,1,5,6,20,20,1,0.0001,0.7812815886491751,0.8462288799475944,0.0012
269,22400,1,5,6,20,20,1,0.0001,0.7839149495087437,0.850850154144065,0.0008
270,22500,1,5,6,20,20,1,0.0001,0.7832486782998838,0.8515964822492059,0.002
271,22600,1,5,6,20,20,1,0.0001,0.7822619153254657,0.8551303607012495,0.002
272,22700,1,5,6,20,20,1,0.0001,0.7809615347008053,0.8565517239847867,0.002
273,22800,1,5,6,20,20,1,0.0001,0.7805125014260029,0.8590484534369155,0.002
274,22900,1,5,6,20,20,1,0.0001,0.7822634290508339,0.8624713453657898,0.0016
275,23000,1,5,6,20,20,1,0.0001,0.7805708820854855,0.8632917332420411,0.0024
276,23100,1,5,6,20,20,1,0.0001,0.7814125340822337,0.8674030483423656,0.0024
277,23200,1,5,6,20,20,1,0.0001,0.7803935961226237,0.8693734247190656,0.0032
278,23300,1,5,6,20,20,1,0.0001,0.7803544610342442,0.8710996361513511,0.0016
279,23400,1,5,6,20,20,1,0.0001,0.7794957493884894,0.8736948699641093,0.002
280,23500,1,5,6,20,20,1,0.0001,0.7803331557848222,0.8767168832187938,0.0024
281,23600,1,5,6,20,20,1,0.0001,0.7783534321350989,0.8778202066421065,0.0032
282,23700,1,5,6,20,20,1,0.0001,0.7798525525610248,0.8812430046340839,0.0016
283,23800,1,5,6,20,20,1,0.0001,0.7788071831588296,0.8832593800176683,0.0024
284,23900,1,5,6,20,20,1,0.0001,0.7772862460116445,0.8854318395074982,0.0028
285,24000,1,5,6,20,20,1,0.0001,0.7745268454857216,0.887909347160371,0.0036
286,24100,1,5,6,20,20,1,0.0001,0.7753029414257,0.8915762277959555,0.0016
287,24200,1,5,6,20,20,1,0.0001,0.7748256491147426,0.8942197260925533,0.0016
288,24300,1,5,6,20,20,1,0.0001,0.7741392661579622,0.8970437898239938,0.002
289,24400,1,5,6,20,20,1,0.0001,0.7748689838150616,0.8998370342294069,0.002
290,24500,1,5,6,20,20,1,0.0001,0.7749659714799182,0.9019190886160684,0.0012
291,24600,1,5,6,20,20,1,0.0001,0.7756626873982116,0.9043328130028996,0.0008
292,24700,1,5,6,20,20,1,0.0001,0.7760231897786937,0.9057888338308536,0.0008
293,24800,1,5,6,20,20,1,0.0001,0.7770366307757728,0.90775446227907,0.0008
294,24900,1,5,6,20,20,1,0.0001,0.7754763770994432,0.9068200849883428,0.0012
295,25000,1,5,6,20,20,1,0.0001,0.7728348470908574,0.908774629891982,0.0032
296,25100,1,5,6,20,20,1,0.0001,0.7725793366488395,0.9102534426311256,0.0016
297,25200,1,5,6,20,20,1,0.0001,0.7731171212720923,0.9112524943116432,0.0012
298,25300,1,5,6,20,20,1,0.0001,0.7742754346066293,0.9136534668047508,0.0016
299,25400,1,5,6,20,20,1,0.0001,0.7738193655576043,0.9170505752699666,0.0024
300,25500,1,5,6,20,20,1,0.0001,0.7731143967771533,0.9174800559856172,0.002
301,25600,1,5,6,20,20,1,0.0001,0.7716690013981785,0.918995094769449,0.0024
302,25700,1,5,6,20,20,1,0.0001,0.7723025902446329,0.920899099670268,0.0012
303,25800,1,5,6,20,20,1,0.0001,0.7681016918497502,0.9220568985720152,0.0036
304,25900,1,5,6,20,20,1,0.0001,0.7673060921278969,0.9232776247470924,0.0016
305,26000,1,5,6,20,20,1,0.0001,0.7649599565498085,0.923593139834102,0.0016
306,26100,1,5,6,20,20,1,0.0001,0.7651083534508776,0.9259726295488164,0.0028
307,26200,1,5,6,20,20,1,0.0001,0.7651532351350164,0.9283146968360828,0.002
308,26300,1,5,6,20,20,1,0.0001,0.7637180962667838,0.92955301364859,0.002
309,26400,1,5,6,20,20,1,0.0001,0.7618225858844904,0.9297817629847844,0.0024
310,26500,1,5,6,20,20,1,0.0001,0.7594196498688947,0.9278052219922726,0.0032
311,26600,1,5,6,20,20,1,0.0001,0.7579275503444522,0.9300881625718704,0.0028
312,26700,1,5,6,20,20,1,0.0001,0.7564978613288992,0.9299656073841512,0.0008
313,26800,1,5,6,20,20,1,0.0001,0.7552422057656649,0.9301703233723636,0.002
314,26900,1,5,6,20,20,1,0.0001,0.7551561499076541,0.930930898906791,0.0008
315,27000,1,5,6,20,20,1,0.0001,0.7532536340130537,0.9311451256936726,0.0012
316,27100,1,5,6,20,20,1,0.0001,0.7533006582874289,0.932512241702389,0.0012
317,27200,1,5,6,20,20,1,0.0001,0.7538483682003952,0.9335614736695208,0.0016
318,27300,1,5,6,20,20,1,0.0001,0.7532260452078176,0.9343981858070683,0.0004
319,27400,1,5,6,20,20,1,0.0001,0.7528302240730173,0.9352800931668968,0.0008
320,27500,1,5,6,20,20,1,0.0001,0.7519959717799788,0.9356917986719422,0.0012
321,27600,1,5,6,20,20,1,0.0001,0.7487104016944005,0.937027259691276,0.0024
322,27700,1,5,6,20,20,1,0.0001,0.7459745673980182,0.9371144567251778,0.002
323,27800,1,5,6,20,20,1,0.0001,0.7433610583664181,0.9383998780774848,0.0024
324,27900,1,5,6,20,20,1,0.0001,0.7444373074614118,0.94128044538164,0.0008
325,28000,1,5,6,20,20,1,0.0001,0.7437890610829389,0.942357171558608,0.0012
326,28100,1,5,6,20,20,1,0.0001,0.7430024685304062,0.9440568783742276,0.002
327,28200,1,5,6,20,20,1,0.0001,0.7394830222324323,0.9441545204763068,0.0028
328,28300,1,5,6,20,20,1,0.0001,0.7384651243791835,0.9462922938734591,0.0024
329,28400,1,5,6,20,20,1,0.0001,0.737801772943313,0.9491852322076196,0.002
330,28500,1,5,6,20,20,1,0.0001,0.7365562229774173,0.9505046728457928,0.0016
331,28600,1,5,6,20,20,1,0.0001,0.7345291334557699,0.95176120624094,0.0024
332,28700,1,5,6,20,20,1,0.0001,0.7319587474535919,0.9509137853656104,0.0024
333,28800,1,5,6,20,20,1,0.0001,0.7303306958934751,0.951637597861253,0.0024
334,28900,1,5,6,20,20,1,0.0001,0.73146087681307,0.95312176692406,0.0016
335,29000,1,5,6,20,20,1,0.0001,0.7308854124822565,0.9537125697107302,0.0016
336,29100,1,5,6,20,20,1,0.0001,0.7286071103230337,0.9554921387285852,0.0028
337,29200,1,5,6,20,20,1,0.0001,0.7232843358620932,0.9543663699388264,0.0032
338,29300,1,5,6,20,20,1,0.0001,0.719914789964987,0.95431609123817,0.0028
339,29400,1,5,6,20,20,1,0.0001,0.7191539364976012,0.955318007780834,0.0004
340,29500,1,5,6,20,20,1,0.0001,0.7198237333020768,0.956265541262497,0.0008
341,29600,1,5,6,20,20,1,0.0001,0.7187126245542849,0.954593556321636,0.0008
342,29700,1,5,6,20,20,1,0.0001,0.7159594284805904,0.95428178799674,0.0028
343,29800,1,5,6,20,20,1,0.0001,0.715386175828954,0.9550895319450292,0.0016
344,29900,1,5,6,20,20,1,0.0001,0.7136847677362637,0.9557178097044488,0.002
345,30000,1,5,6,20,20,1,0.0001,0.710275291061368,0.9568775355133604,0.0028
346,30100,1,5,6,20,20,1,0.0001,0.7069752498278712,0.957669099871481,0.0028
347,30200,1,5,6,20,20,1,0.0001,0.7078401921493281,0.9606861792218466,0.0016
348,30300,1,5,6,20,20,1,0.0001,0.7059098744243498,0.9611012109808476,0.002
349,30400,1,5,6,20,20,1,0.0001,0.7031520218410344,0.961387493066062,0.0016
350,30500,1,5,6,20,20,1,0.0001,0.7017047912187794,0.960715442274802,0.0004
351,30600,1,5,6,20,20,1,0.0001,0.6992866110588678,0.9604289935590686,0.0024
352,30700,1,5,6,20,20,1,0.0001,0.6978852169508096,0.9610337220930122,0.0016
353,30800,1,5,6,20,20,1,0.0001,0.6982659288154358,0.962659971238892,0.0012
354,30900,1,5,6,20,20,1,0.0001,0.6925583842175959,0.9627399390051689,0.0048
355,31000,1,5,6,20,20,1,0.0001,0.6908182542222581,0.9650674495108854,0.0028
356,31100,1,5,6,20,20,1,0.0001,0.6891606321898335,0.9657702695789429,0.0016
357,31200,1,5,6,20,20,1,0.0001,0.6878976675005389,0.9680904676705429,0.002
358,31300,1,5,6,20,20,1,0.0001,0.6872273040798871,0.97023282438794,0.0024
359,31400,1,5,6,20,20,1,0.0001,0.6838013874900603,0.9700601894936548,0.0028
360,31500,1,5,6,20,20,1,0.0001,0.6808059461205961,0.9706757098545976,0.0028
361,31600,1,5,6,20,20,1,0.0001,0.6747200234803284,0.969545242327863,0.0036
362,31700,1,5,6,20,20,1,0.0001,0.6726138697496947,0.968879687974894,0.0012
363,31800,1,5,6,20,20,1,0.0001,0.6728730494001245,0.9696354739212176,0.0004
364,31900,1,5,6,20,20,1,0.0001,0.6734488372824292,0.97108546320289,0.0016
365,32000,1,5,6,20,20,1,0.0001,0.6713388654208701,0.9717466346395328,0.0016
366,32100,1,5,6,20,20,1,0.0001,0.6692822194907763,0.9721572614702796,0.002
367,32200,1,5,6,20,20,1,0.0001,0.6671084643365518,0.9724338945163128,0.002
368,32300,1,5,6,20,20,1,0.0001,0.6668935852622982,0.9728786217969,0.0012
369,32400,1,5,6,20,20,1,0.0001,0.6647100312668202,0.9734076143464754,0.0024
370,32500,1,5,6,20,20,1,0.0001,0.6606794348771639,0.9743537042218322,0.0036
371,32600,1,5,6,20,20,1,0.0001,0.6554839272501336,0.9743185616104864,0.0036
372,32700,1,5,6,20,20,1,0.0001,0.6547480916180471,0.976354901072076,0.0024
373,32800,1,5,6,20,20,1,0.0001,0.6501055881003573,0.9768017816529712,0.0044
374,32900,1,5,6,20,20,1,0.0001,0.644383034828341,0.9780227434872252,0.0048
375,33000,1,5,6,20,20,1,0.0001,0.6408325138718243,0.9783304372152954,0.0024
376,33100,1,5,6,20,20,1,0.0001,0.636791793740062,0.9786723526093976,0.0028
377,33200,1,5,6,20,20,1,0.0001,0.6336437862384582,0.979390829756438,0.0032
378,33300,1,5,6,20,20,1,0.0001,0.6265517441193623,0.9796620930606318,0.0044
379,33400,1,5,6,20,20,1,0.0001,0.6225291612793614,0.9800841976904158,0.0032
380,33500,1,5,6,20,20,1,0.0001,0.6196456327618313,0.9806279311606224,0.0024
381,33600,1,5,6,20,20,1,0.0001,0.6163009700841452,0.9808512564506372,0.002
382,33700,1,5,6,20,20,1,0.0001,0.6122788142109915,0.9809038948387232,0.0032
383,33800,1,5,6,20,20,1,0.0001,0.6079983947405373,0.9808094400018504,0.0028
384,33900,1,5,6,20,20,1,0.0001,0.6039498273423474,0.9816777125228294,0.0028
385,34000,1,5,6,20,20,1,0.0001,0.6018902473664686,0.982436417669884,0.002
386,34100,1,5,6,20,20,1,0.0001,0.5997346261889361,0.9827178029046134,0.0016
387,34200,1,5,6,20,20,1,0.0001,0.5964289762643292,0.9841625390650502,0.0036
388,34300,1,5,6,20,20,1,0.0001,0.5941035405460857,0.9846219297470388,0.0016
389,34400,1,5,6,20,20,1,0.0001,0.5892014919065056,0.9852911706872312,0.0036
390,34500,1,5,6,20,20,1,0.0001,0.5838566410740947,0.9863022601277508,0.0036
391,34600,1,5,6,20,20,1,0.0001,0.5804391658190559,0.9869120258656036,0.0024
392,34700,1,5,6,20,20,1,0.0001,0.5785660636163192,0.9878273842797546,0.0024
393,34800,1,5,6,20,20,1,0.0001,0.5748750665862445,0.9881876573566304,0.0028
394,34900,1,5,6,20,20,1,0.0001,0.570052203143674,0.9885620030727555,0.004
395,35000,1,5,6,20,20,1,0.0001,0.5664721307026913,0.9886834822587256,0.0028
396,35100,1,5,6,20,20,1,0.0001,0.5638397923759689,0.98911452184101,0.0016
397,35200,1,5,6,20,20,1,0.0001,0.5611318165313982,0.9898612847492004,0.0028
398,35300,1,5,6,20,20,1,0.0001,0.5544696965474422,0.9904063702254048,0.004
399,35400,1,5,6,20,20,1,0.0001,0.5497197578556249,0.9904023277155106,0.0032
400,35500,1,5,6,20,20,1,0.0001,0.541587371584121,0.990846678019948,0.0044
401,35600,1,5,6,20,20,1,0.0001,0.535966083233324,0.9909509421760008,0.0036
402,35700,1,5,6,20,20,1,0.0001,0.5317900309156346,0.9910605328942266,0.0028
403,35800,1,5,6,20,20,1,0.0001,0.529510417566897,0.9915067956783936,0.002
404,35900,1,5,6,20,20,1,0.0001,0.5231950055218415,0.9919959879068968,0.0044
405,36000,1,5,6,20,20,1,0.0001,0.5197963603883154,0.9921104981579753,0.0028
406,36100,1,5,6,20,20,1,0.0001,0.5151290209830799,0.9924328320225468,0.0028
407,36200,1,5,6,20,20,1,0.0001,0.5079424130936084,0.9928807877950584,0.004
408,36300,1,5,6,20,20,1,0.0001,0.4997081029052628,0.992575699389817,0.0044
409,36400,1,5,6,20,20,1,0.0001,0.4896185403031534,0.9930069985542962,0.0056
410,36500,1,5,6,20,20,1,0.0001,0.486423468005783,0.9932367847725294,0.0028
411,36600,1,5,6,20,20,1,0.0001,0.4826071252776576,0.99323011807922,0.0032
412,36700,1,5,6,20,20,1,0.0001,0.4775420267826774,0.9935485338636404,0.0028
413,36800,1,5,6,20,20,1,0.0001,0.4736266730802933,0.9938598491199068,0.0032
414,36900,1,5,6,20,20,1,0.0001,0.4680965860775763,0.9939411074987308,0.0028
415,37000,1,5,6,20,20,1,0.0001,0.4613642174866503,0.9940458654078606,0.0032
416,37100,1,5,6,20,20,1,0.0001,0.4550260241910347,0.9940509788435152,0.0028
417,37200,1,5,6,20,20,1,0.0001,0.4497441948697595,0.9942421676718788,0.0036
418,37300,1,5,6,20,20,1,0.0001,0.444188345812816,0.9941736608347204,0.0028
419,37400,1,5,6,20,20,1,0.0001,0.4427753386070415,0.9942245750024836,0.0008
420,37500,1,5,6,20,20,1,0.0001,0.4403703702934596,0.9945588388879788,0.002
421,37600,1,5,6,20,20,1,0.0001,0.4361515736499759,0.994586263568602,0.0028
422,37700,1,5,6,20,20,1,0.0001,0.4317818230633443,0.9948679346164746,0.0028
423,37800,1,5,6,20,20,1,0.0001,0.424272897035077,0.9952260268077796,0.0048
424,37900,1,5,6,20,20,1,0.0001,0.415378770135824,0.9954712200915606,0.0044
425,38000,1,5,6,20,20,1,0.0001,0.4095505374065338,0.9958119138186224,0.0044
426,38100,1,5,6,20,20,1,0.0001,0.404742489658751,0.995969565927163,0.0032
427,38200,1,5,6,20,20,1,0.0001,0.3980329735444141,0.9960025332759858,0.0032
428,38300,1,5,6,20,20,1,0.0001,0.3933708455709955,0.9961900112230228,0.0024
429,38400,1,5,6,20,20,1,0.0001,0.3883683490613633,0.99616724487847,0.0032
430,38500,1,5,6,20,20,1,0.0001,0.3803863790283668,0.996129683391215,0.0036
431,38600,1,5,6,20,20,1,0.0001,0.3735728348894214,0.9962801946398884,0.0036
432,38700,1,5,6,20,20,1,0.0001,0.3681442654140086,0.9962510556007976,0.0024
433,38800,1,5,6,20,20,1,0.0001,0.3624122605956961,0.9962254266471882,0.0028
434,38900,1,5,6,20,20,1,0.0001,0.3569183845669852,0.9964421754612072,0.0028
435,39000,1,5,6,20,20,1,0.0001,0.3506570056623261,0.9964837851823136,0.0032
436,39100,1,5,6,20,20,1,0.0001,0.3428023236795037,0.9967691133946142,0.004
437,39200,1,5,6,20,20,1,0.0001,0.3404131848901112,0.9969159245176312,0.0012
438,39300,1,5,6,20,20,1,0.0001,0.3366075419284028,0.996956594355487,0.002
439,39400,1,5,6,20,20,1,0.0001,0.3306786676476173,0.9969437786863736,0.0028
440,39500,1,5,6,20,20,1,0.0001,0.3229537972712723,0.9970364588764682,0.0044
441,39600,1,5,6,20,20,1,0.0001,0.3152697075801705,0.997161984593204,0.004
442,39700,1,5,6,20,20,1,0.0001,0.3082624648737726,0.9972137963901792,0.0032
443,39800,1,5,6,20,20,1,0.0001,0.298084203617242,0.9971799218298832,0.004
444,39900,1,5,6,20,20,1,0.0001,0.2886498449733818,0.997246689522878,0.004
445,40000,1,5,6,20,20,1,0.0001,0.2795919916370135,0.9972286302279172,0.0032
446,40100,1,5,6,20,20,1,0.0001,0.274033133198484,0.9974918630338,0.0028
447,40200,1,5,6,20,20,1,0.0001,0.2680020497440638,0.9975704147546448,0.0028
448,40300,1,5,6,20,20,1,0.0001,0.2602443451953765,0.9975559161721266,0.0028
449,40400,1,5,6,20,20,1,0.0001,0.2485172043857467,0.997606002067237,0.0052
450,40500,1,5,6,20,20,1,0.0001,0.243556905191059,0.9977625440699738,0.002
451,40600,1,5,6,20,20,1,0.0001,0.2377258892804737,0.9976911773617076,0.0024
452,40700,1,5,6,20,20,1,0.0001,0.2305810920536814,0.9979312353479324,0.0036
453,40800,1,5,6,20,20,1,0.0001,0.2182297587099887,0.998145525961364,0.0056
454,40900,1,5,6,20,20,1,0.0001,0.2113482815123546,0.9982834804872136,0.0032
455,41000,1,5,6,20,20,1,0.0001,0.2064976697401868,0.9983754390631248,0.002
456,41100,1,5,6,20,20,1,0.0001,0.1952820768506469,0.9985020372634744,0.0048
457,41200,1,5,6,20,20,1,0.0001,0.1905223110093145,0.9986394484797204,0.002
458,41300,1,5,6,20,20,1,0.0001,0.186207604140327,0.9986140716931432,0.002
459,41400,1,5,6,20,20,1,0.0001,0.1803474385811435,0.9987417199654098,0.002
460,41500,1,5,6,20,20,1,0.0001,0.1772299468721057,0.9987835986395774,0.0012
461,41600,1,5,6,20,20,1,0.0001,0.1718901430174628,0.9987225878125856,0.002
462,41700,1,5,6,20,20,1,0.0001,0.1657078487973302,0.9986766049541028,0.002
463,41800,1,5,6,20,20,1,0.0001,0.1640661835785924,0.9986521356378816,0.0008
464,41900,1,5,6,20,20,1,0.0001,0.1604840514376471,0.9986134381481048,0.0012
465,42000,1,5,6,20,20,1,0.0001,0.1609226447931083,0.9986565203127918,0.0
466,42100,1,5,6,20,20,1,0.0001,0.1544118746723508,0.9986721843710868,0.002
467,42200,1,5,6,20,20,1,0.0001,0.1474532274281097,0.9986603210894532,0.0024
468,42300,1,5,6,20,20,1,0.0001,0.1462576121681805,0.9986905208512982,0.0008
469,42400,1,5,6,20,20,1,0.0001,0.1427779426393237,0.9987349401234704,0.0016
470,42500,1,5,6,20,20,1,0.0001,0.1404592072029598,0.9987743355887352,0.0012
471,42600,1,5,6,20,20,1,0.0001,0.1387344761919464,0.9988282499655352,0.0008
472,42700,1,5,6,20,20,1,0.0001,0.133557124155785,0.9989547701259004,0.0024
473,42800,1,5,6,20,20,1,0.0001,0.131731613558867,0.9991452387556796,0.0016
474,42900,1,5,6,20,20,1,0.0001,0.1301702375766684,0.999174914959698,0.0008
475,43000,1,5,6,20,20,1,0.0001,0.1277024842328032,0.9991672008234544,0.0008
476,43100,1,5,6,20,20,1,0.0001,0.12449531034959,0.9992134040601574,0.0016
477,43200,1,5,6,20,20,1,0.0001,0.1231181831897445,0.9991715741649588,0.0004
478,43300,1,5,6,20,20,1,0.0001,0.1145676735175317,0.9993110336744908,0.0036
479,43400,1,5,6,20,20,1,0.0001,0.109466940101334,0.9993063733908544,0.002
480,43500,1,5,6,20,20,1,0.0001,0.1066027612930747,0.9993898280568612,0.0016
481,43600,1,5,6,20,20,1,0.0001,0.1038947630424375,0.9994247752797748,0.0012
482,43700,1,5,6,20,20,1,0.0001,0.1013168484298523,0.9994855296119554,0.0012
483,43800,1,5,6,20,20,1,0.0001,0.097174167988766,0.9995020405969274,0.0016
484,43900,1,5,6,20,20,1,0.0001,0.0949492161613615,0.999504439365668,0.0008
485,44000,1,5,6,20,20,1,0.0001,0.0923477938837018,0.9995469575064982,0.0012
486,44100,1,5,6,20,20,1,0.0001,0.0855234154116918,0.9996531302174168,0.0028
487,44200,1,5,6,20,20,1,0.0001,0.0830626131617191,0.9997112285176568,0.0012
488,44300,1,5,6,20,20,1,0.0001,0.0799424429891057,0.9997224452753368,0.0012
489,44400,1,5,6,20,20,1,0.0001,0.0760361557626009,0.9997610786582262,0.0016
490,44500,1,5,6,20,20,1,0.0001,0.0714675307740433,0.9997797757137096,0.0016
491,44600,1,5,6,20,20,1,0.0001,0.0702274544851279,0.9997790181537216,0.0004
492,44700,1,5,6,20,20,1,0.0001,0.0656140948108972,0.9997932057035332,0.0016
493,44800,1,5,6,20,20,1,0.0001,0.0647417880353834,0.9997970780210804,0.0004
494,44900,1,5,6,20,20,1,0.0001,0.0608298601280438,0.999818978611126,0.0012
495,45000,1,5,6,20,20,1,0.0001,0.0573880292837564,0.9998606006216916,0.0012
496,45100,1,5,6,20,20,1,0.0001,0.0510329620140292,0.99987985013586,0.002
497,45200,1,5,6,20,20,1,0.0001,0.0483266717573097,0.9998592108782804,0.0008
498,45300,1,5,6,20,20,1,0.0001,0.0419287147951019,0.9998554060828828,0.0016
499,45400,1,5,6,20,20,1,0.0001,0.0376800937068716,0.9998560981176589,0.0012
500,45500,1,5,6,20,20,1,0.0001,0.038312465597617,0.9998576192120904,0.0
501,45600,1,5,6,20,20,1,0.0001,0.0355001062847476,0.999878784085098,0.0008
502,45700,1,5,6,20,20,1,0.0001,0.0355754099125209,0.9998773610749792,0.0
503,45800,1,5,6,20,20,1,0.0001,0.0327968772300459,0.9998912831182012,0.0008
504,45900,1,5,6,20,20,1,0.0001,0.0268563657309582,0.9999265403403244,0.002
505,46000,1,5,6,20,20,1,0.0001,0.0267982790458311,0.9999278312765963,0.0
506,46100,1,5,6,20,20,1,0.0001,0.0235487851240629,0.9999548136437658,0.0012
507,46200,1,5,6,20,20,1,0.0001,0.0209213037182049,0.9999530894274448,0.0008
508,46300,1,5,6,20,20,1,0.0001,0.0182605330048334,0.9999650692012384,0.0008
509,46400,1,5,6,20,20,1,0.0001,0.0166144769864347,0.999963124407504,0.0004
510,46500,1,5,6,20,20,1,0.0001,0.0136557194745668,0.9999715364263636,0.0008
511,46600,1,5,6,20,20,1,0.0001,0.0135516182152017,0.9999722968018772,0.0
512,46700,1,5,6,20,20,1,0.0001,0.0135695709699626,0.9999721458186924,0.0
513,46800,1,5,6,20,20,1,0.0001,0.0117160152180183,0.9999731106554608,0.0004
514,46900,1,5,6,20,20,1,0.0001,0.0117433061479153,0.9999728160988918,0.0
515,47000,1,5,6,20,20,1,0.0001,0.0100217704049142,0.9999715941014397,0.0004
516,47100,1,5,6,20,20,1,0.0001,0.0072700460540425,0.9999787255026932,0.0008
517,47200,1,5,6,20,20,1,0.0001,0.0072084059818849,0.9999791733155458,0.0
518,47300,1,5,6,20,20,1,0.0001,0.007132936086373,0.9999797134747032,0.0
519,47400,1,5,6,20,20,1,0.0001,0.007132936086373,0.9999797134747032,0.0
520,47500,1,5,6,20,20,1,0.0001,0.0071032270963113,0.9999799236697569,0.0
521,47600,1,5,6,20,20,1,0.0001,0.0033015180289862,0.9999969011532976,0.0012
522,47700,1,5,6,20,20,1,0.0001,0.0033015180289862,0.9999969011532976,0.0
523,47800,1,5,6,20,20,1,0.0001,0.0033156668540064,0.999996869289388,0.0
524,47900,1,5,6,20,20,1,0.0001,0.0033156668540064,0.999996869289388,0.0
525,48000,1,5,6,20,20,1,0.0001,0.0018493645569752,0.9999992132815074,0.0004
526,48100,1,5,6,20,20,1,0.0001,0.0018412820260218,0.9999992213091552,0.0
527,48200,1,5,6,20,20,1,0.0001,0.0,1.0,0.0004
528,48300,1,5,6,20,20,1,0.0001,0.0,1.0,0.0
529,48400,1,5,6,20,20,1,0.0001,0.0,1.0,0.0
530,48500,1,5,6,20,20,1,0.0001,0.0,1.0,0.0
531,48600,1,5,6,20,20,1,0.0001,0.0,1.0,0.0
532,48700,1,5,6,20,20,1,0.0001,0.0,1.0,0.0
533,48800,1,5,6,20,20,1,0.0001,0.0,1.0,0.0
534,48900,1,5,6,20,20,1,0.0001,0.0,1.0,0.0
535,49000,1,5,6,20,20,1,0.0001,0.0,1.0,0.0
536,49100,1,5,6,20,20,1,0.0001,0.0,1.0,0.0
537,49200,1,5,6,20,20,1,0.0001,0.0,1.0,0.0
538,49300,1,5,6,20,20,1,0.0001,0.0,1.0,0.0
539,49400,1,5,6,20,20,1,0.0001,0.0,1.0,0.0
540,49500,1,5,6,20,20,1,0.0001,0.0,1.0,0.0
541,49600,1,5,6,20,20,1,0.0001,0.0,1.0,0.0
542,49700,1,5,6,20,20,1,0.0001,0.0,1.0,0.0
543,49800,1,5,6,20,20,1,0.0001,0.0,1.0,0.0
544,49900,1,5,6,20,20,1,0.0001,0.0,1.0,0.0
545,50000,1,5,6,20,20,1,0.0001,0.0,1.0,0.0
546,50100,1,5,6,20,20,1,0.0001,0.0,1.0,0.0
547,50200,1,5,6,20,20,1,0.0001,0.0,1.0,0.0
548,50300,1,5,6,20,20,1,0.0001,0.0,1.0,0.0
549,50400,1,5,6,20,20,1,0.0001,0.0,1.0,0.0
550,50500,1,5,6,20,20,1,0.0001,0.0,1.0,0.0
551,50600,1,5,6,20,20,1,0.0001,0.0,1.0,0.0
552,50700,1,5,6,20,20,1,0.0001,0.0,1.0,0.0
553,50800,1,5,6,20,20,1,0.0001,0.0,1.0,0.0
554,50900,1,5,6,20,20,1,0.0001,0.0,1.0,0.0
555,51000,1,5,6,20,20,1,0.0001,0.0,1.0,0.0
556,51100,1,5,6,20,20,1,0.0001,0.0,1.0,0.0
557,51200,1,5,6,20,20,1,0.0001,0.0,1.0,0.0
558,51300,1,5,6,20,20,1,0.0001,0.0,1.0,0.0
559,51400,1,5,6,20,20,1,0.0001,0.0,1.0,0.0
560,51500,1,5,6,20,20,1,0.0001,0.0,1.0,0.0
561,51600,1,5,6,20,20,1,0.0001,0.0,1.0,0.0
562,51700,1,5,6,20,20,1,0.0001,0.0,1.0,0.0
563,51800,1,5,6,20,20,1,0.0001,0.0,1.0,0.0
564,51900,1,5,6,20,20,1,0.0001,0.0,1.0,0.0
565,52000,1,5,6,20,20,1,0.0001,0.0,1.0,0.0
566,52100,1,5,6,20,20,1,0.0001,0.0,1.0,0.0
567,52200,1,5,6,20,20,1,0.0001,0.0,1.0,0.0
568,52300,1,5,6,20,20,1,0.0001,0.0,1.0,0.0
569,52400,1,5,6,20,20,1,0.0001,0.0,1.0,0.0
570,52500,1,5,6,20,20,1,0.0001,0.0,1.0,0.0
571,52600,1,5,6,20,20,1,0.0001,0.0,1.0,0.0
572,52700,1,5,6,20,20,1,0.0001,0.0,1.0,0.0
573,52800,1,5,6,20,20,1,0.0001,0.0,1.0,0.0
574,52900,1,5,6,20,20,1,0.0001,0.0,1.0,0.0
575,53000,1,5,6,20,20,1,0.0001,0.0,1.0,0.0
576,53100,1,5,6,20,20,1,0.0001,0.0,1.0,0.0
577,53200,1,5,6,20,20,1,0.0001,0.0,1.0,0.0
578,53300,1,5,6,20,20,1,0.0001,0.0,1.0,0.0
579,53400,1,5,6,20,20,1,0.0001,0.0,1.0,0.0
580,53500,1,5,6,20,20,1,0.0001,0.0,1.0,0.0
581,53600,1,5,6,20,20,1,0.0001,0.0,1.0,0.0
582,53700,1,5,6,20,20,1,0.0001,0.0,1.0,0.0
583,53800,1,5,6,20,20,1,0.0001,0.0,1.0,0.0
584,53900,1,5,6,20,20,1,0.0001,0.0,1.0,0.0
585,54000,1,5,6,20,20,1,0.0001,0.0,1.0,0.0
586,54100,1,5,6,20,20,1,0.0001,0.0,1.0,0.0
587,54200,1,5,6,20,20,1,0.0001,0.0,1.0,0.0
588,54300,1,5,6,20,20,1,0.0001,0.0,1.0,0.0
589,54400,1,5,6,20,20,1,0.0001,0.0,1.0,0.0
590,54500,1,5,6,20,20,1,0.0001,0.0,1.0,0.0
591,54600,1,5,6,20,20,1,0.0001,0.0,1.0,0.0
592,54700,1,5,6,20,20,1,0.0001,0.0,1.0,0.0
593,54800,1,5,6,20,20,1,0.0001,0.0,1.0,0.0
594,54900,1,5,6,20,20,1,0.0001,0.0,1.0,0.0
595,55000,1,5,6,20,20,1,0.0001,0.0,1.0,0.0
596,55100,1,5,6,20,20,1,0.0001,0.0,1.0,0.0
597,55200,1,5,6,20,20,1,0.0001,0.0,1.0,0.0
598,55300,1,5,6,20,20,1,0.0001,0.0,1.0,0.0
599,55400,1,5,6,20,20,1,0.0001,0.0,1.0,0.0
600,55500,1,5,6,20,20,1,0.0001,0.0,1.0,0.0
601,55600,1,5,6,20,20,1,0.0001,0.0,1.0,0.0
602,55700,1,5,6,20,20,1,0.0001,0.0,1.0,0.0
603,55800,1,5,6,20,20,1,0.0001,0.0,1.0,0.0
604,55900,1,5,6,20,20,1,0.0001,0.0,1.0,0.0
605,56000,1,5,6,20,20,1,0.0001,0.0,1.0,0.0
606,56100,1,5,6,20,20,1,0.0001,0.0,1.0,0.0
607,56200,1,5,6,20,20,1,0.0001,0.0,1.0,0.0
608,56300,1,5,6,20,20,1,0.0001,0.0,1.0,0.0
609,56400,1,5,6,20,20,1,0.0001,0.0,1.0,0.0
610,56500,1,5,6,20,20,1,0.0001,0.0,1.0,0.0
611,56600,1,5,6,20,20,1,0.0001,0.0,1.0,0.0
612,56700,1,5,6,20,20,1,0.0001,0.0,1.0,0.0
613,56800,1,5,6,20,20,1,0.0001,0.0,1.0,0.0
614,56900,1,5,6,20,20,1,0.0001,0.0,1.0,0.0
615,57000,1,5,6,20,20,1,0.0001,0.0,1.0,0.0
616,57100,1,5,6,20,20,1,0.0001,0.0,1.0,0.0
617,57200,1,5,6,20,20,1,0.0001,0.0,1.0,0.0
618,57300,1,5,6,20,20,1,0.0001,0.0,1.0,0.0
619,57400,1,5,6,20,20,1,0.0001,0.0,1.0,0.0
620,57500,1,5,6,20,20,1,0.0001,0.0,1.0,0.0
621,57600,1,5,6,20,20,1,0.0001,0.0,1.0,0.0
622,57700,1,5,6,20,20,1,0.0001,0.0,1.0,0.0
623,57800,1,5,6,20,20,1,0.0001,0.0,1.0,0.0
624,57900,1,5,6,20,20,1,0.0001,0.0,1.0,0.0
625,58000,1,5,6,20,20,1,0.0001,0.0,1.0,0.0
626,58100,1,5,6,20,20,1,0.0001,0.0,1.0,0.0
627,58200,1,5,6,20,20,1,0.0001,0.0,1.0,0.0
628,58300,1,5,6,20,20,1,0.0001,0.0,1.0,0.0
629,58400,1,5,6,20,20,1,0.0001,0.0,1.0,0.0
630,58500,1,5,6,20,20,1,0.0001,0.0,1.0,0.0
631,58600,1,5,6,20,20,1,0.0001,0.0,1.0,0.0
632,58700,1,5,6,20,20,1,0.0001,0.0,1.0,0.0
633,58800,1,5,6,20,20,1,0.0001,0.0,1.0,0.0
634,58900,1,5,6,20,20,1,0.0001,0.0,1.0,0.0
635,59000,1,5,6,20,20,1,0.0001,0.0,1.0,0.0
636,59100,1,5,6,20,20,1,0.0001,0.0,1.0,0.0
637,59200,1,5,6,20,20,1,0.0001,0.0,1.0,0.0
638,59300,1,5,6,20,20,1,0.0001,0.0,1.0,0.0
639,59400,1,5,6,20,20,1,0.0001,0.0,1.0,0.0
640,59500,1,5,6,20,20,1,0.0001,0.0,1.0,0.0
641,59600,1,5,6,20,20,1,0.0001,0.0,1.0,0.0
642,59700,1,5,6,20,20,1,0.0001,0.0,1.0,0.0
643,59800,1,5,6,20,20,1,0.0001,0.0,1.0,0.0
644,59900,1,5,6,20,20,1,0.0001,0.0,1.0,0.0
645,60000,1,5,6,20,20,1,0.0001,0.0,1.0,0.0
646,60100,1,5,6,20,20,1,0.0001,0.0,1.0,0.0
647,60200,1,5,6,20,20,1,0.0001,0.0,1.0,0.0
648,60300,1,5,6,20,20,1,0.0001,0.0,1.0,0.0
649,60400,1,5,6,20,20,1,0.0001,0.0,1.0,0.0
650,60500,1,5,6,20,20,1,0.0001,0.0,1.0,0.0
651,60600,1,5,6,20,20,1,0.0001,0.0,1.0,0.0
652,60700,1,5,6,20,20,1,0.0001,0.0,1.0,0.0
653,60800,1,5,6,20,20,1,0.0001,0.0,1.0,0.0
654,60900,1,5,6,20,20,1,0.0001,0.0,1.0,0.0
655,61000,1,5,6,20,20,1,0.0001,0.0,1.0,0.0
656,61100,1,5,6,20,20,1,0.0001,0.0,1.0,0.0
657,61200,1,5,6,20,20,1,0.0001,0.0,1.0,0.0
658,61300,1,5,6,20,20,1,0.0001,0.0,1.0,0.0
659,61400,1,5,6,20,20,1,0.0001,0.0,1.0,0.0
660,61500,1,5,6,20,20,1,0.0001,0.0,1.0,0.0
661,61600,1,5,6,20,20,1,0.0001,0.0,1.0,0.0
662,61700,1,5,6,20,20,1,0.0001,0.0,1.0,0.0
663,61800,1,5,6,20,20,1,0.0001,0.0,1.0,0.0
664,61900,1,5,6,20,20,1,0.0001,0.0,1.0,0.0
665,62000,1,5,6,20,20,1,0.0001,0.0,1.0,0.0
666,62100,1,5,6,20,20,1,0.0001,0.0,1.0,0.0
667,62200,1,5,6,20,20,1,0.0001,0.0,1.0,0.0
668,62300,1,5,6,20,20,1,0.0001,0.0,1.0,0.0
669,62400,1,5,6,20,20,1,0.0001,0.0,1.0,0.0
670,62500,1,5,6,20,20,1,0.0001,0.0,1.0,0.0
671,62600,1,5,6,20,20,1,0.0001,0.0,1.0,0.0
672,62700,1,5,6,20,20,1,0.0001,0.0,1.0,0.0
673,62800,1,5,6,20,20,1,0.0001,0.0,1.0,0.0
674,62900,1,5,6,20,20,1,0.0001,0.0,1.0,0.0
675,63000,1,5,6,20,20,1,0.0001,0.0,1.0,0.0
676,63100,1,5,6,20,20,1,0.0001,0.0,1.0,0.0
677,63200,1,5,6,20,20,1,0.0001,0.0,1.0,0.0
678,63300,1,5,6,20,20,1,0.0001,0.0,1.0,0.0
679,63400,1,5,6,20,20,1,0.0001,0.0,1.0,0.0
680,63500,1,5,6,20,20,1,0.0001,0.0,1.0,0.0
681,63600,1,5,6,20,20,1,0.0001,0.0,1.0,0.0
682,63700,1,5,6,20,20,1,0.0001,0.0,1.0,0.0
683,63800,1,5,6,20,20,1,0.0001,0.0,1.0,0.0
684,63900,1,5,6,20,20,1,0.0001,0.0,1.0,0.0
685,64000,1,5,6,20,20,1,0.0001,0.0,1.0,0.0
686,64100,1,5,6,20,20,1,0.0001,0.0,1.0,0.0
687,64200,1,5,6,20,20,1,0.0001,0.0,1.0,0.0
688,64300,1,5,6,20,20,1,0.0001,0.0,1.0,0.0
689,64400,1,5,6,20,20,1,0.0001,0.0,1.0,0.0
690,64500,1,5,6,20,20,1,0.0001,0.0,1.0,0.0
691,64600,1,5,6,20,20,1,0.0001,0.0,1.0,0.0
692,64700,1,5,6,20,20,1,0.0001,0.0,1.0,0.0
693,64800,1,5,6,20,20,1,0.0001,0.0,1.0,0.0
694,64900,1,5,6,20,20,1,0.0001,0.0,1.0,0.0
695,65000,1,5,6,20,20,1,0.0001,0.0,1.0,0.0
696,65100,1,5,6,20,20,1,0.0001,0.0,1.0,0.0
697,65200,1,5,6,20,20,1,0.0001,0.0,1.0,0.0
698,65300,1,5,6,20,20,1,0.0001,0.0,1.0,0.0
699,65400,1,5,6,20,20,1,0.0001,0.0,1.0,0.0
700,65500,1,5,6,20,20,1,0.0001,0.0,1.0,0.0
701,65600,1,5,6,20,20,1,0.0001,0.0,1.0,0.0
702,65700,1,5,6,20,20,1,0.0001,0.0,1.0,0.0
703,65800,1,5,6,20,20,1,0.0001,0.0,1.0,0.0
704,65900,1,5,6,20,20,1,0.0001,0.0,1.0,0.0
705,66000,1,5,6,20,20,1,0.0001,0.0,1.0,0.0
706,66100,1,5,6,20,20,1,0.0001,0.0,1.0,0.0
707,66200,1,5,6,20,20,1,0.0001,0.0,1.0,0.0
708,66300,1,5,6,20,20,1,0.0001,0.0,1.0,0.0
709,66400,1,5,6,20,20,1,0.0001,0.0,1.0,0.0
710,66500,1,5,6,20,20,1,0.0001,0.0,1.0,0.0
711,66600,1,5,6,20,20,1,0.0001,0.0,1.0,0.0
712,66700,1,5,6,20,20,1,0.0001,0.0,1.0,0.0
713,66800,1,5,6,20,20,1,0.0001,0.0,1.0,0.0
714,66900,1,5,6,20,20,1,0.0001,0.0,1.0,0.0
715,67000,1,5,6,20,20,1,0.0001,0.0,1.0,0.0
716,67100,1,5,6,20,20,1,0.0001,0.0,1.0,0.0
717,67200,1,5,6,20,20,1,0.0001,0.0,1.0,0.0
718,67300,1,5,6,20,20,1,0.0001,0.0,1.0,0.0
719,67400,1,5,6,20,20,1,0.0001,0.0,1.0,0.0
720,67500,1,5,6,20,20,1,0.0001,0.0,1.0,0.0
721,67600,1,5,6,20,20,1,0.0001,0.0,1.0,0.0
722,67700,1,5,6,20,20,1,0.0001,0.0,1.0,0.0
723,67800,1,5,6,20,20,1,0.0001,0.0,1.0,0.0
724,67900,1,5,6,20,20,1,0.0001,0.0,1.0,0.0
725,68000,1,5,6,20,20,1,0.0001,0.0,1.0,0.0
726,68100,1,5,6,20,20,1,0.0001,0.0,1.0,0.0
727,68200,1,5,6,20,20,1,0.0001,0.0,1.0,0.0
728,68300,1,5,6,20,20,1,0.0001,0.0,1.0,0.0
729,68400,1,5,6,20,20,1,0.0001,0.0,1.0,0.0
730,68500,1,5,6,20,20,1,0.0001,0.0,1.0,0.0
731,68600,1,5,6,20,20,1,0.0001,0.0,1.0,0.0
732,68700,1,5,6,20,20,1,0.0001,0.0,1.0,0.0
733,68800,1,5,6,20,20,1,0.0001,0.0,1.0,0.0
734,68900,1,5,6,20,20,1,0.0001,0.0,1.0,0.0
735,69000,1,5,6,20,20,1,0.0001,0.0,1.0,0.0
736,69100,1,5,6,20,20,1,0.0001,0.0,1.0,0.0
737,69200,1,5,6,20,20,1,0.0001,0.0,1.0,0.0
738,69300,1,5,6,20,20,1,0.0001,0.0,1.0,0.0
739,69400,1,5,6,20,20,1,0.0001,0.0,1.0,0.0
740,69500,1,5,6,20,20,1,0.0001,0.0,1.0,0.0
741,69600,1,5,6,20,20,1,0.0001,0.0,1.0,0.0
742,69700,1,5,6,20,20,1,0.0001,0.0,1.0,0.0
743,69800,1,5,6,20,20,1,0.0001,0.0,1.0,0.0
744,69900,1,5,6,20,20,1,0.0001,0.0,1.0,0.0
745,70000,1,5,6,20,20,1,0.0001,0.0,1.0,0.0
746,70100,1,5,6,20,20,1,0.0001,0.0,1.0,0.0
747,70200,1,5,6,20,20,1,0.0001,0.0,1.0,0.0
748,70300,1,5,6,20,20,1,0.0001,0.0,1.0,0.0
749,70400,1,5,6,20,20,1,0.0001,0.0,1.0,0.0
750,70500,1,5,6,20,20,1,0.0001,0.0,1.0,0.0
751,70600,1,5,6,20,20,1,0.0001,0.0,1.0,0.0
752,70700,1,5,6,20,20,1,0.0001,0.0,1.0,0.0
753,70800,1,5,6,20,20,1,0.0001,0.0,1.0,0.0
754,70900,1,5,6,20,20,1,0.0001,0.0,1.0,0.0
755,71000,1,5,6,20,20,1,0.0001,0.0,1.0,0.0
756,71100,1,5,6,20,20,1,0.0001,0.0,1.0,0.0
757,71200,1,5,6,20,20,1,0.0001,0.0,1.0,0.0
758,71300,1,5,6,20,20,1,0.0001,0.0,1.0,0.0
759,71400,1,5,6,20,20,1,0.0001,0.0,1.0,0.0
760,71500,1,5,6,20,20,1,0.0001,0.0,1.0,0.0
761,71600,1,5,6,20,20,1,0.0001,0.0,1.0,0.0
762,71700,1,5,6,20,20,1,0.0001,0.0,1.0,0.0
763,71800,1,5,6,20,20,1,0.0001,0.0,1.0,0.0
764,71900,1,5,6,20,20,1,0.0001,0.0,1.0,0.0
765,72000,1,5,6,20,20,1,0.0001,0.0,1.0,0.0
766,72100,1,5,6,20,20,1,0.0001,0.0,1.0,0.0
767,72200,1,5,6,20,20,1,0.0001,0.0,1.0,0.0
768,72300,1,5,6,20,20,1,0.0001,0.0,1.0,0.0
769,72400,1,5,6,20,20,1,0.0001,0.0,1.0,0.0
770,72500,1,5,6,20,20,1,0.0001,0.0,1.0,0.0
771,72600,1,5,6,20,20,1,0.0001,0.0,1.0,0.0
772,72700,1,5,6,20,20,1,0.0001,0.0,1.0,0.0
773,72800,1,5,6,20,20,1,0.0001,0.0,1.0,0.0
774,72900,1,5,6,20,20,1,0.0001,0.0,1.0,0.0
775,73000,1,5,6,20,20,1,0.0001,0.0,1.0,0.0
776,73100,1,5,6,20,20,1,0.0001,0.0,1.0,0.0
777,73200,1,5,6,20,20,1,0.0001,0.0,1.0,0.0
778,73300,1,5,6,20,20,1,0.0001,0.0,1.0,0.0
779,73400,1,5,6,20,20,1,0.0001,0.0,1.0,0.0
780,73500,1,5,6,20,20,1,0.0001,0.0,1.0,0.0
781,73600,1,5,6,20,20,1,0.0001,0.0,1.0,0.0
782,73700,1,5,6,20,20,1,0.0001,0.0,1.0,0.0
783,73800,1,5,6,20,20,1,0.0001,0.0,1.0,0.0
784,73900,1,5,6,20,20,1,0.0001,0.0,1.0,0.0
785,74000,1,5,6,20,20,1,0.0001,0.0,1.0,0.0
786,74100,1,5,6,20,20,1,0.0001,0.0,1.0,0.0
787,74200,1,5,6,20,20,1,0.0001,0.0,1.0,0.0
788,74300,1,5,6,20,20,1,0.0001,0.0,1.0,0.0
789,74400,1,5,6,20,20,1,0.0001,0.0,1.0,0.0
790,74500,1,5,6,20,20,1,0.0001,0.0,1.0,0.0
791,74600,1,5,6,20,20,1,0.0001,0.0,1.0,0.0
792,74700,1,5,6,20,20,1,0.0001,0.0,1.0,0.0
793,74800,1,5,6,20,20,1,0.0001,0.0,1.0,0.0
794,74900,1,5,6,20,20,1,0.0001,0.0,1.0,0.0
795,75000,1,5,6,20,20,1,0.0001,0.0,1.0,0.0
796,75100,1,5,6,20,20,1,0.0001,0.0,1.0,0.0
797,75200,1,5,6,20,20,1,0.0001,0.0,1.0,0.0
798,75300,1,5,6,20,20,1,0.0001,0.0,1.0,0.0
799,75400,1,5,6,20,20,1,0.0001,0.0,1.0,0.0
800,75500,1,5,6,20,20,1,0.0001,0.0,1.0,0.0
801,75600,1,5,6,20,20,1,0.0001,0.0,1.0,0.0
802,75700,1,5,6,20,20,1,0.0001,0.0,1.0,0.0
803,75800,1,5,6,20,20,1,0.0001,0.0,1.0,0.0
804,75900,1,5,6,20,20,1,0.0001,0.0,1.0,0.0
805,76000,1,5,6,20,20,1,0.0001,0.0,1.0,0.0
806,76100,1,5,6,20,20,1,0.0001,0.0,1.0,0.0
807,76200,1,5,6,20,20,1,0.0001,0.0,1.0,0.0
808,76300,1,5,6,20,20,1,0.0001,0.0,1.0,0.0
809,76400,1,5,6,20,20,1,0.0001,0.0,1.0,0.0
810,76500,1,5,6,20,20,1,0.0001,0.0,1.0,0.0
811,76600,1,5,6,20,20,1,0.0001,0.0,1.0,0.0
812,76700,1,5,6,20,20,1,0.0001,0.0,1.0,0.0
813,76800,1,5,6,20,20,1,0.0001,0.0,1.0,0.0
814,76900,1,5,6,20,20,1,0.0001,0.0,1.0,0.0
815,77000,1,5,6,20,20,1,0.0001,0.0,1.0,0.0
816,77100,1,5,6,20,20,1,0.0001,0.0,1.0,0.0
817,77200,1,5,6,20,20,1,0.0001,0.0,1.0,0.0
818,77300,1,5,6,20,20,1,0.0001,0.0,1.0,0.0
819,77400,1,5,6,20,20,1,0.0001,0.0,1.0,0.0
820,77500,1,5,6,20,20,1,0.0001,0.0,1.0,0.0
821,77600,1,5,6,20,20,1,0.0001,0.0,1.0,0.0
822,77700,1,5,6,20,20,1,0.0001,0.0,1.0,0.0
823,77800,1,5,6,20,20,1,0.0001,0.0,1.0,0.0
824,77900,1,5,6,20,20,1,0.0001,0.0,1.0,0.0
825,78000,1,5,6,20,20,1,0.0001,0.0,1.0,0.0
826,78100,1,5,6,20,20,1,0.0001,0.0,1.0,0.0
827,78200,1,5,6,20,20,1,0.0001,0.0,1.0,0.0
828,78300,1,5,6,20,20,1,0.0001,0.0,1.0,0.0
829,78400,1,5,6,20,20,1,0.0001,0.0,1.0,0.0
830,78500,1,5,6,20,20,1,0.0001,0.0,1.0,0.0
831,78600,1,5,6,20,20,1,0.0001,0.0,1.0,0.0
832,78700,1,5,6,20,20,1,0.0001,0.0,1.0,0.0
833,78800,1,5,6,20,20,1,0.0001,0.0,1.0,0.0
834,78900,1,5,6,20,20,1,0.0001,0.0,1.0,0.0
835,79000,1,5,6,20,20,1,0.0001,0.0,1.0,0.0
836,79100,1,5,6,20,20,1,0.0001,0.0,1.0,0.0
837,79200,1,5,6,20,20,1,0.0001,0.0,1.0,0.0
838,79300,1,5,6,20,20,1,0.0001,0.0,1.0,0.0
