timestep,num-issues,num-choices,num-labels,strenght-of-influence,multi-issue-discourse,ignorring,prob-droping-label,SW-index,cosine-similarity
0,1,2,6,20,20,0,0.01,0.9984965527870684,0.9986643680321882
0,1,2,6,20,20,1,0.01,0.9986596451495372,0.9986372363469124
0,1,2,10,20,20,0,0.01,0.996569113236971,0.9965815175006708
0,1,2,10,20,20,1,0.01,0.9969564144700164,0.9964737909743582
0,1,5,2,20,20,0,0.01,0.998893957854829,0.9990775585160409
0,1,5,2,20,20,1,0.01,0.9989712040646892,0.9985956108555996
0,1,5,6,20,20,0,0.01,0.997297312875756,0.9939553100617684
0,1,5,6,20,20,1,0.01,0.9968391399814148,0.9930817194101978
0,1,5,10,20,20,0,0.01,0.9948565715335173,0.986592084003114
0,1,5,10,20,20,1,0.01,0.99505372357526,0.9869864104969353
0,1,10,2,20,20,0,0.01,0.99829170075456,0.9970720681057916
0,1,10,2,20,20,1,0.01,0.9985138181984348,0.9977104252851968
0,1,10,6,20,20,0,0.01,0.9951525964734604,0.9846310056757808
0,1,10,6,20,20,1,0.01,0.9955658001551696,0.98560337658278
0,1,10,10,20,20,0,0.01,0.992122061429439,0.972326094594144
0,1,10,10,20,20,1,0.01,0.9915369694903649,0.9702049260889885
0,5,2,2,20,20,0,0.01,0.9993465955751116,0.9997691437324168
0,5,2,2,20,20,1,0.01,0.9994643120361936,0.9996772325057632
0,5,2,6,20,20,0,0.01,0.9982945445407496,0.9984525769125648
0,5,2,6,20,20,1,0.01,0.9980853905312328,0.9980678203135436
0,5,2,10,20,20,0,0.01,0.9968565627633096,0.9964405794007062
0,5,2,10,20,20,1,0.01,0.9969361579859748,0.9965236507137144
0,5,5,2,20,20,0,0.01,0.99897974037459,0.9990260700342488
0,5,5,2,20,20,1,0.01,0.9989654570079354,0.9988555572344016
0,5,5,6,20,20,0,0.01,0.9969628454400508,0.9929601986552224
0,5,5,6,20,20,1,0.01,0.9970385433871763,0.9932508571792044
0,5,5,10,20,20,0,0.01,0.9947951587467432,0.986600936796758
0,5,5,10,20,20,1,0.01,0.994858587634519,0.986862719371261
0,5,10,2,20,20,0,0.01,0.9984972288549124,0.9977113757459666
0,5,10,2,20,20,1,0.01,0.9982947145776176,0.9974990378910962
0,5,10,6,20,20,0,0.01,0.995394092145542,0.985223570429516
0,5,10,6,20,20,1,0.01,0.9952177279324184,0.9848055081741428
0,5,10,10,20,20,0,0.01,0.9921391230889464,0.9715025401311144
0,5,10,10,20,20,1,0.01,0.9919336022749106,0.9712256148449516
0,10,2,2,20,20,0,0.01,0.9994610810079458,0.9997645496545228
0,10,2,2,20,20,1,0.01,0.9992873996095492,0.999657925901007
0,10,2,6,20,20,0,0.01,0.9980841680044464,0.9981657786500212
0,10,2,6,20,20,1,0.01,0.998247280708344,0.9982801331178428
0,10,2,10,20,20,0,0.01,0.9968994275633364,0.9965165934395286
0,10,2,10,20,20,1,0.01,0.9973189525669396,0.9970138090811416
0,10,5,2,20,20,0,0.01,0.9990522208277932,0.9990063535856032
0,10,5,2,20,20,1,0.01,0.9989792406410564,0.9988939135861364
0,10,5,6,20,20,0,0.01,0.9968956280195356,0.9930769452233926
0,10,5,6,20,20,1,0.01,0.9970017058078962,0.9931058100562208
0,10,5,10,20,20,0,0.01,0.994843138048291,0.9868145562547378
0,10,5,10,20,20,1,0.01,0.9949865930558596,0.9870063902529382
0,10,10,2,20,20,0,0.01,0.9983601866274012,0.9975311330548012
0,10,10,2,20,20,1,0.01,0.9983832981970922,0.9975546208382902
0,10,10,6,20,20,0,0.01,0.9953570633405158,0.9852458370837204
0,10,10,6,20,20,1,0.01,0.9951287761455248,0.9845385040614762
0,10,10,10,20,20,0,0.01,0.992264013064422,0.9724433895637828
0,10,10,10,20,20,1,0.01,0.9922741579274964,0.9721137038402754
100,1,2,2,20,20,0,0.01,0.0,1.0
100,1,2,2,20,20,1,0.01,0.1276315491358696,0.9488044348929504
100,1,2,6,20,20,0,0.01,0.0960771052607777,0.9992038861382952
100,1,2,6,20,20,1,0.01,0.6034157914026266,0.895538644328786
100,1,2,10,20,20,0,0.01,0.1768153971903013,0.9917189333683056
100,1,2,10,20,20,1,0.01,0.8062350206329816,0.9180107721636628
100,1,5,2,20,20,0,0.01,0.0265536370380452,0.9743125044981986
100,1,5,2,20,20,1,0.01,0.2241279938592646,0.7984001339542023
100,1,5,6,20,20,0,0.01,0.1416732350647685,0.9642386034728232
100,1,5,6,20,20,1,0.01,0.5639051003555156,0.768095400432404
100,1,5,10,20,20,0,0.01,0.1439311873220522,0.9984823256935154
100,1,5,10,20,20,1,0.01,0.8229275657962232,0.8246960147422988
100,1,10,2,20,20,0,0.01,0.002211263992849,0.9999971885464642
100,1,10,2,20,20,1,0.01,0.1451297492144701,0.7856365384040244
100,1,10,6,20,20,0,0.01,0.1000761770321336,0.9549927364827908
100,1,10,6,20,20,1,0.01,0.563649783497834,0.6700832288510288
100,1,10,10,20,20,0,0.01,0.2410654125885892,0.9606271711770952
100,1,10,10,20,20,1,0.01,0.8278661975957057,0.788514854688073
100,5,2,2,20,20,0,0.01,0.2190484292470447,0.9261053115905172
100,5,2,2,20,20,1,0.01,0.24900845927564,0.9010197863845072
100,5,2,6,20,20,0,0.01,0.6961752319642247,0.9248992232498636
100,5,2,6,20,20,1,0.01,0.7601673455394494,0.8958285766504503
100,5,2,10,20,20,0,0.01,0.8705013349390538,0.9451870467611512
100,5,2,10,20,20,1,0.01,0.9036827966264374,0.9285477409351528
100,5,5,2,20,20,0,0.01,0.1751656369044628,0.8796930536699178
100,5,5,2,20,20,1,0.01,0.1764663623906797,0.8536362564378863
100,5,5,6,20,20,0,0.01,0.712337981815811,0.8124257982592056
100,5,5,6,20,20,1,0.01,0.7427366322391866,0.7888026808149311
100,5,5,10,20,20,0,0.01,0.8747959438475932,0.8625504643328858
100,5,5,10,20,20,1,0.01,0.9027488191433884,0.8465268113088734
100,5,10,2,20,20,0,0.01,0.1471408791920331,0.8038405546094484
100,5,10,2,20,20,1,0.01,0.147483933164212,0.8082739780980884
100,5,10,6,20,20,0,0.01,0.7379107541262494,0.7480982202822892
100,5,10,6,20,20,1,0.01,0.7537651634695623,0.7069709382334949
100,5,10,10,20,20,0,0.01,0.8805430277020961,0.7970002711071948
100,5,10,10,20,20,1,0.01,0.897758739249597,0.7766835190902914
100,10,2,2,20,20,0,0.01,0.2307309244641956,0.9326181530226996
100,10,2,2,20,20,1,0.01,0.2377765293770554,0.9276229818388052
100,10,2,6,20,20,0,0.01,0.7968862059499937,0.938766587704168
100,10,2,6,20,20,1,0.01,0.8196473791508686,0.9169854618408708
100,10,2,10,20,20,0,0.01,0.9176639146453558,0.9570442347252148
100,10,2,10,20,20,1,0.01,0.9296646687402528,0.9515883284645148
100,10,5,2,20,20,0,0.01,0.1825652144092923,0.8678880522204785
100,10,5,2,20,20,1,0.01,0.2058743749258589,0.8562310490788737
100,10,5,6,20,20,0,0.01,0.8164418529759228,0.8520222343209017
100,10,5,6,20,20,1,0.01,0.8459913394313099,0.8319432824750762
100,10,5,10,20,20,0,0.01,0.922788984361427,0.8965243159727455
100,10,5,10,20,20,1,0.01,0.9294375820878322,0.878695320619586
100,10,10,2,20,20,0,0.01,0.1426536525023542,0.8528134832575509
100,10,10,2,20,20,1,0.01,0.1925679665274084,0.7992280142859692
100,10,10,6,20,20,0,0.01,0.8426398836975605,0.8137872929385372
100,10,10,6,20,20,1,0.01,0.858540279311333,0.7933228958539363
100,10,10,10,20,20,0,0.01,0.9230993298834173,0.8451661398567619
100,10,10,10,20,20,1,0.01,0.9287756084087756,0.8269541658281931
200,1,2,2,20,20,0,0.01,0.0,1.0
200,1,2,2,20,20,1,0.01,0.1717727718667125,0.9790095318846724
200,1,2,6,20,20,0,0.01,0.0117028646440122,0.9999479382294656
200,1,2,6,20,20,1,0.01,0.2857398305949116,0.9679774049094244
200,1,2,10,20,20,0,0.01,0.0436543079337441,0.9982022900016788
200,1,2,10,20,20,1,0.01,0.4330162017085618,0.9553625603457916
200,1,5,2,20,20,0,0.01,0.0680156291912897,0.973772415473252
200,1,5,2,20,20,1,0.01,0.3325373859680301,0.9079326926841592
200,1,5,6,20,20,0,0.01,0.046561180081291,0.9839186541382114
200,1,5,6,20,20,1,0.01,0.3154837635751581,0.8602374182123625
200,1,5,10,20,20,0,0.01,0.0011085239421625,0.9999989979715987
200,1,5,10,20,20,1,0.01,0.4807514280938881,0.8953018787805987
200,1,10,2,20,20,0,0.01,0.0,1.0
200,1,10,2,20,20,1,0.01,0.2270085237058595,0.8954856701347031
200,1,10,6,20,20,0,0.01,0.0524413924338705,0.963370848962018
200,1,10,6,20,20,1,0.01,0.2888332664921657,0.7901639256679882
200,1,10,10,20,20,0,0.01,0.040732273357308,0.9926366012959518
200,1,10,10,20,20,1,0.01,0.3965189923329373,0.889733297201832
200,5,2,2,20,20,0,0.01,0.2656533368590615,0.9645587301628556
200,5,2,2,20,20,1,0.01,0.3333820709494841,0.9537827020509008
200,5,2,6,20,20,0,0.01,0.3333573409695642,0.9551130358832532
200,5,2,6,20,20,1,0.01,0.5214006628395838,0.9228627840344558
200,5,2,10,20,20,0,0.01,0.5937453255216236,0.9609055810674084
200,5,2,10,20,20,1,0.01,0.769813858088199,0.9251155736842964
200,5,5,2,20,20,0,0.01,0.1998251593822751,0.9289998434989472
200,5,5,2,20,20,1,0.01,0.233153010978993,0.9222832752279956
200,5,5,6,20,20,0,0.01,0.362548013016248,0.8548635562385002
200,5,5,6,20,20,1,0.01,0.4350875250294923,0.8212938558233581
200,5,5,10,20,20,0,0.01,0.6017299089241112,0.8895239257229166
200,5,5,10,20,20,1,0.01,0.7278628643752236,0.8481820783957744
200,5,10,2,20,20,0,0.01,0.1854467178123197,0.9049787814549886
200,5,10,2,20,20,1,0.01,0.1954207836759988,0.9026957454322162
200,5,10,6,20,20,0,0.01,0.3482204448097227,0.7878912701813962
200,5,10,6,20,20,1,0.01,0.4236754531456602,0.7443467343559921
200,5,10,10,20,20,0,0.01,0.6417392070144958,0.8291444822749942
200,5,10,10,20,20,1,0.01,0.7430461971062281,0.7731510252426171
200,10,2,2,20,20,0,0.01,0.2248253992140474,0.9682871105407436
200,10,2,2,20,20,1,0.01,0.2392377894696617,0.9659559510602448
200,10,2,6,20,20,0,0.01,0.4358208437547203,0.9523618318668268
200,10,2,6,20,20,1,0.01,0.5585713298313936,0.9266405948988372
200,10,2,10,20,20,0,0.01,0.7157774016819636,0.9614128143633492
200,10,2,10,20,20,1,0.01,0.7952338854405343,0.9513419376863308
200,10,5,2,20,20,0,0.01,0.1871078262749252,0.9336207620733742
200,10,5,2,20,20,1,0.01,0.2091928689502778,0.9293532538592728
200,10,5,6,20,20,0,0.01,0.4555102942802841,0.8698472176872887
200,10,5,6,20,20,1,0.01,0.5393782813155796,0.839017495700411
200,10,5,10,20,20,0,0.01,0.7497570589098299,0.9079812281128952
200,10,5,10,20,20,1,0.01,0.8232937863389379,0.875767761418906
200,10,10,2,20,20,0,0.01,0.137184395146213,0.923335375017084
200,10,10,2,20,20,1,0.01,0.1890687785958879,0.895505801100151
200,10,10,6,20,20,0,0.01,0.4537707796095299,0.8387816509732516
200,10,10,6,20,20,1,0.01,0.523059096854424,0.790382398120185
200,10,10,10,20,20,0,0.01,0.7960389831642929,0.8533872808369113
200,10,10,10,20,20,1,0.01,0.8456314861789714,0.8317438554094675
300,1,2,2,20,20,0,0.01,0.0,1.0
300,1,2,2,20,20,1,0.01,0.1905981135589778,0.9927712823678888
300,1,2,6,20,20,0,0.01,0.0,1.0
300,1,2,6,20,20,1,0.01,0.150975389893018,0.9963927661778014
300,1,2,10,20,20,0,0.01,0.006971910001908,0.9999944143930484
300,1,2,10,20,20,1,0.01,0.2408736304227189,0.985308357275734
300,1,5,2,20,20,0,0.01,0.0769831299506211,0.9907268860617836
300,1,5,2,20,20,1,0.01,0.3623650166250599,0.9615169933569728
300,1,5,6,20,20,0,0.01,0.0325919474776212,0.9950950302731691
300,1,5,6,20,20,1,0.01,0.2503773943562752,0.9546429690116656
300,1,5,10,20,20,0,0.01,0.0,1.0
300,1,5,10,20,20,1,0.01,0.2222411557057811,0.96844268006068
300,1,10,2,20,20,0,0.01,0.0,1.0
300,1,10,2,20,20,1,0.01,0.255230870578279,0.9606479235552964
300,1,10,6,20,20,0,0.01,0.0482202847564196,0.9894719594435224
300,1,10,6,20,20,1,0.01,0.2383290181709033,0.9372901713056688
300,1,10,10,20,20,0,0.01,0.0071910156882105,0.9996246156518744
300,1,10,10,20,20,1,0.01,0.1209514285345931,0.982296540209879
300,5,2,2,20,20,0,0.01,0.2884389969749137,0.9848589776890172
300,5,2,2,20,20,1,0.01,0.3702089559796288,0.9810346759816144
300,5,2,6,20,20,0,0.01,0.2074727148197254,0.9856066565905192
300,5,2,6,20,20,1,0.01,0.3852569482774321,0.9747884828871036
300,5,2,10,20,20,0,0.01,0.3340487301021383,0.985786972842565
300,5,2,10,20,20,1,0.01,0.5829899969845986,0.9672622621507996
300,5,5,2,20,20,0,0.01,0.2198798182478458,0.9720206438206992
300,5,5,2,20,20,1,0.01,0.2579251497163685,0.9671460780454756
300,5,5,6,20,20,0,0.01,0.2687751290462756,0.9430411578483768
300,5,5,6,20,20,1,0.01,0.3326702948846364,0.918774699391146
300,5,5,10,20,20,0,0.01,0.3317908151737375,0.9545465952940808
300,5,5,10,20,20,1,0.01,0.4833949394560652,0.9331481121719924
300,5,10,2,20,20,0,0.01,0.2075388990063305,0.9633375943631076
300,5,10,2,20,20,1,0.01,0.2141618526831732,0.9588524786770452
300,5,10,6,20,20,0,0.01,0.253173273400505,0.9035432544528944
300,5,10,6,20,20,1,0.01,0.3179768865376621,0.8827114295403525
300,5,10,10,20,20,0,0.01,0.3481066709807788,0.9241633280773998
300,5,10,10,20,20,1,0.01,0.5201361712396829,0.8673953456054504
300,10,2,2,20,20,0,0.01,0.2374277225982039,0.987796362925091
300,10,2,2,20,20,1,0.01,0.2647953049658104,0.9867846421749952
300,10,2,6,20,20,0,0.01,0.2821965604125986,0.9798450395205908
300,10,2,6,20,20,1,0.01,0.4056714341111022,0.9745111177630166
300,10,2,10,20,20,0,0.01,0.451847797358722,0.9837191092634694
300,10,2,10,20,20,1,0.01,0.5753128930722392,0.9768893338816798
300,10,5,2,20,20,0,0.01,0.2043676833478675,0.9724001507565936
300,10,5,2,20,20,1,0.01,0.2174244769972649,0.971485526678314
300,10,5,6,20,20,0,0.01,0.2784254660375384,0.9448293434157704
300,10,5,6,20,20,1,0.01,0.3515039829873552,0.9300256238448787
300,10,5,10,20,20,0,0.01,0.4672696330059279,0.9576147679194424
300,10,5,10,20,20,1,0.01,0.6123130824289926,0.9333663751232188
300,10,10,2,20,20,0,0.01,0.1547240358078106,0.9660297361778802
300,10,10,2,20,20,1,0.01,0.209500921321846,0.9584413861523068
300,10,10,6,20,20,0,0.01,0.2353040306288735,0.9238060756676294
300,10,10,6,20,20,1,0.01,0.301437671107819,0.8943541453513625
300,10,10,10,20,20,0,0.01,0.5420823872285195,0.9219611614188634
300,10,10,10,20,20,1,0.01,0.6508230274200502,0.9024838635778848
400,1,2,2,20,20,0,0.01,0.0,1.0
400,1,2,2,20,20,1,0.01,0.1946722139429002,0.9966073123922886
400,1,2,6,20,20,0,0.01,0.0,1.0
400,1,2,6,20,20,1,0.01,0.0477432499430271,0.999773300451384
400,1,2,10,20,20,0,0.01,0.0,1.0
400,1,2,10,20,20,1,0.01,0.1425277777686574,0.9923521862568162
400,1,5,2,20,20,0,0.01,0.0741447076797719,0.9976052248702229
400,1,5,2,20,20,1,0.01,0.3667247604571978,0.9867804833150507
400,1,5,6,20,20,0,0.01,0.0190594651592274,0.9993605400864068
400,1,5,6,20,20,1,0.01,0.1755703080652022,0.9849279025564373
400,1,5,10,20,20,0,0.01,0.0,1.0
400,1,5,10,20,20,1,0.01,0.1031141757998916,0.9904587391999146
400,1,10,2,20,20,0,0.01,0.0,1.0
400,1,10,2,20,20,1,0.01,0.2630435316409072,0.9890571967623628
400,1,10,6,20,20,0,0.01,0.0363754935307729,0.9982290023590414
400,1,10,6,20,20,1,0.01,0.1602941176539301,0.9849435135758184
400,1,10,10,20,20,0,0.01,0.0005637270950221,0.999999141535161
400,1,10,10,20,20,1,0.01,0.0298364506773957,0.9996175718225542
400,5,2,2,20,20,0,0.01,0.2815056327099056,0.9956660226236036
400,5,2,2,20,20,1,0.01,0.3746748418823409,0.9929435668194648
400,5,2,6,20,20,0,0.01,0.1286289035503305,0.9966920721912224
400,5,2,6,20,20,1,0.01,0.2643512871031858,0.9928781069092928
400,5,2,10,20,20,0,0.01,0.1874120464629863,0.9951084870876382
400,5,2,10,20,20,1,0.01,0.3791886758603562,0.9889167529619144
400,5,5,2,20,20,0,0.01,0.211091123935946,0.9901271744353484
400,5,5,2,20,20,1,0.01,0.2553157195070504,0.9885390826275676
400,5,5,6,20,20,0,0.01,0.1906640829216223,0.9854962328389328
400,5,5,6,20,20,1,0.01,0.2510163560195232,0.9749842136513248
400,5,5,10,20,20,0,0.01,0.1765219044078235,0.985438006193106
400,5,5,10,20,20,1,0.01,0.2644320890087059,0.9775105336967058
400,5,10,2,20,20,0,0.01,0.2048163571395181,0.9852434811997336
400,5,10,2,20,20,1,0.01,0.2093645132614858,0.9862831587262614
400,5,10,6,20,20,0,0.01,0.1928757860219392,0.9674185564091042
400,5,10,6,20,20,1,0.01,0.2388300611240441,0.9596695155983068
400,5,10,10,20,20,0,0.01,0.1747887715562675,0.9744087696074488
400,5,10,10,20,20,1,0.01,0.3210087842320461,0.9450981817494108
400,10,2,2,20,20,0,0.01,0.2348329533015589,0.9954799732464612
400,10,2,2,20,20,1,0.01,0.2609153091071069,0.994615992245414
400,10,2,6,20,20,0,0.01,0.1931133918447512,0.9942941845058424
400,10,2,6,20,20,1,0.01,0.2619814865514979,0.9938285916667676
400,10,2,10,20,20,0,0.01,0.2516124997568917,0.9942517037718572
400,10,2,10,20,20,1,0.01,0.3588337948976198,0.9925265119553396
400,10,5,2,20,20,0,0.01,0.2005467854184495,0.9911419608805702
400,10,5,2,20,20,1,0.01,0.2069184199765871,0.9908081148931102
400,10,5,6,20,20,0,0.01,0.1798136631905965,0.9842709430354318
400,10,5,6,20,20,1,0.01,0.2302700619429128,0.9797389935447304
400,10,5,10,20,20,0,0.01,0.2378296633145913,0.9859324599332132
400,10,5,10,20,20,1,0.01,0.3708743263801405,0.9754787676575144
400,10,10,2,20,20,0,0.01,0.156957873507827,0.987120911534585
400,10,10,2,20,20,1,0.01,0.2078814968133756,0.9851672137275732
400,10,10,6,20,20,0,0.01,0.146188455578824,0.9750855588991147
400,10,10,6,20,20,1,0.01,0.1995662437663981,0.9645515567509788
400,10,10,10,20,20,0,0.01,0.2831764913881813,0.9724348126696852
400,10,10,10,20,20,1,0.01,0.3826485997362861,0.9597353892992542
500,1,2,2,20,20,0,0.01,0.0,1.0
500,1,2,2,20,20,1,0.01,0.1946996082295429,0.99892129407969
500,1,2,6,20,20,0,0.01,0.0,1.0
500,1,2,6,20,20,1,0.01,0.0063215528480036,0.9999987035178046
500,1,2,10,20,20,0,0.01,0.0,1.0
500,1,2,10,20,20,1,0.01,0.1065693014965919,0.997190891011038
500,1,5,2,20,20,0,0.01,0.0555910554651821,0.9998142382412054
500,1,5,2,20,20,1,0.01,0.3493071530854538,0.9956164836192836
500,1,5,6,20,20,0,0.01,0.0075996291698223,0.9999908871679054
500,1,5,6,20,20,1,0.01,0.1027538542172215,0.9943414804118966
500,1,5,10,20,20,0,0.01,0.0,1.0
500,1,5,10,20,20,1,0.01,0.0542218306317542,0.9959548670055732
500,1,10,2,20,20,0,0.01,0.0,1.0
500,1,10,2,20,20,1,0.01,0.2587021698698968,0.9962824314705848
500,1,10,6,20,20,0,0.01,0.0175499402306308,0.9997536874661488
500,1,10,6,20,20,1,0.01,0.0980664519679372,0.99558448595347
500,1,10,10,20,20,0,0.01,0.0,1.0
500,1,10,10,20,20,1,0.01,0.0035206088312734,0.9999949024570444
500,5,2,2,20,20,0,0.01,0.2417182158327449,0.9988895631674471
500,5,2,2,20,20,1,0.01,0.3522386456673043,0.997763915701484
500,5,2,6,20,20,0,0.01,0.070963370956726,0.9993661462371476
500,5,2,6,20,20,1,0.01,0.1655067143156521,0.9978551314389416
500,5,2,10,20,20,0,0.01,0.1210466660988028,0.9983437673992872
500,5,2,10,20,20,1,0.01,0.222229874655648,0.9969627862683016
500,5,5,2,20,20,0,0.01,0.1785624721855284,0.9967905014163028
500,5,5,2,20,20,1,0.01,0.2312007867891696,0.9964569153612416
500,5,5,6,20,20,0,0.01,0.1097833797971687,0.9971116926124772
500,5,5,6,20,20,1,0.01,0.1704550295802365,0.9940706726273472
500,5,5,10,20,20,0,0.01,0.0981328643193938,0.9950931822375774
500,5,5,10,20,20,1,0.01,0.1438053624852381,0.9911908365808304
500,5,10,2,20,20,0,0.01,0.1952570637686496,0.9951942695120428
500,5,10,2,20,20,1,0.01,0.1962564870086605,0.99568410604624
500,5,10,6,20,20,0,0.01,0.1334689714698295,0.9904723893699487
500,5,10,6,20,20,1,0.01,0.1670639340811726,0.9899391563452298
500,5,10,10,20,20,0,0.01,0.0833199923443387,0.993516069879444
500,5,10,10,20,20,1,0.01,0.1878226657568526,0.9826524399565066
500,10,2,2,20,20,0,0.01,0.2166528268107833,0.998438777026114
500,10,2,2,20,20,1,0.01,0.2485202731022421,0.998077431574166
500,10,2,6,20,20,0,0.01,0.1206815291413416,0.998370103588875
500,10,2,6,20,20,1,0.01,0.1462338459877753,0.9983670496584672
500,10,2,10,20,20,0,0.01,0.1391585041928587,0.9982399852703808
500,10,2,10,20,20,1,0.01,0.2011146868725446,0.9974022811385158
500,10,5,2,20,20,0,0.01,0.1744026128380302,0.9971109502690826
500,10,5,2,20,20,1,0.01,0.184298568033192,0.9968761116044368
500,10,5,6,20,20,0,0.01,0.1023073520481924,0.9963044782983402
500,10,5,6,20,20,1,0.01,0.1328473604690926,0.9942482757814132
500,10,5,10,20,20,0,0.01,0.1145304282075701,0.9960596427806252
500,10,5,10,20,20,1,0.01,0.205246908370431,0.991800487642563
500,10,10,2,20,20,0,0.01,0.1459515094131052,0.9954382670215832
500,10,10,2,20,20,1,0.01,0.1872156981364612,0.9955583399705912
500,10,10,6,20,20,0,0.01,0.0849462521901837,0.9938520751781734
500,10,10,6,20,20,1,0.01,0.1266349044990945,0.9900593818196076
500,10,10,10,20,20,0,0.01,0.1259361857926306,0.9919343107118106
500,10,10,10,20,20,1,0.01,0.1898308717227435,0.9846112492670565
600,1,2,2,20,20,0,0.01,0.0,1.0
600,1,2,2,20,20,1,0.01,0.1886556271144437,0.9996827708563684
600,1,2,6,20,20,0,0.01,0.0,1.0
600,1,2,6,20,20,1,0.01,0.0,1.0
600,1,2,10,20,20,0,0.01,0.0,1.0
600,1,2,10,20,20,1,0.01,0.0966648280191799,0.9990132410930336
600,1,5,2,20,20,0,0.01,0.0384876732141222,0.9999837181271076
600,1,5,2,20,20,1,0.01,0.3018457371800787,0.9985911501138034
600,1,5,6,20,20,0,0.01,0.0005644860545828,0.999999852113336
600,1,5,6,20,20,1,0.01,0.0727271815160241,0.9984099001855092
600,1,5,10,20,20,0,0.01,0.0,1.0
600,1,5,10,20,20,1,0.01,0.0368589119063944,0.9988837553081316
600,1,10,2,20,20,0,0.01,0.0,1.0
600,1,10,2,20,20,1,0.01,0.239508222648954,0.99863390285318
600,1,10,6,20,20,0,0.01,0.0052400997437815,0.999974988286224
600,1,10,6,20,20,1,0.01,0.0644972490360834,0.9978897807854596
600,1,10,10,20,20,0,0.01,0.0,1.0
600,1,10,10,20,20,1,0.01,0.0001164136903603,0.9999998591327192
600,5,2,2,20,20,0,0.01,0.187325149739345,0.9997096846719934
600,5,2,2,20,20,1,0.01,0.297713653431349,0.9992940015512868
600,5,2,6,20,20,0,0.01,0.0405303116748648,0.9998142252997791
600,5,2,6,20,20,1,0.01,0.0939547997194422,0.9995306502895688
600,5,2,10,20,20,0,0.01,0.0754175691376043,0.999468200232595
600,5,2,10,20,20,1,0.01,0.1210859749066911,0.999348118945701
600,5,5,2,20,20,0,0.01,0.1395964245156047,0.9987873988646604
600,5,5,2,20,20,1,0.01,0.1800703280951364,0.999037325651658
600,5,5,6,20,20,0,0.01,0.0518996494188308,0.9990974991551936
600,5,5,6,20,20,1,0.01,0.1060360205058557,0.9986068168178156
600,5,5,10,20,20,0,0.01,0.056158316749133,0.998264741098078
600,5,5,10,20,20,1,0.01,0.087605488354633,0.9965578472019208
600,5,10,2,20,20,0,0.01,0.1641850643162193,0.9983812025168316
600,5,10,2,20,20,1,0.01,0.1734352931761356,0.9983109175612632
600,5,10,6,20,20,0,0.01,0.0795365389913559,0.9974986803574692
600,5,10,6,20,20,1,0.01,0.1031275727058907,0.9970652000640372
600,5,10,10,20,20,0,0.01,0.035454528492521,0.9982780093452366
600,5,10,10,20,20,1,0.01,0.1071869372099879,0.9940564725653322
600,10,2,2,20,20,0,0.01,0.1758672706733133,0.9993911412589316
600,10,2,2,20,20,1,0.01,0.2278701261312715,0.9992507385578449
600,10,2,6,20,20,0,0.01,0.0731676364123764,0.9994187121168088
600,10,2,6,20,20,1,0.01,0.079687679037133,0.9995593611574194
600,10,2,10,20,20,0,0.01,0.0774254242658334,0.9994828272643296
600,10,2,10,20,20,1,0.01,0.1076905670296372,0.9992686259463242
600,10,5,2,20,20,0,0.01,0.129262766131613,0.9993909713358834
600,10,5,2,20,20,1,0.01,0.1475368717366573,0.9992535214345202
600,10,5,6,20,20,0,0.01,0.0510049410685078,0.9992226162688936
600,10,5,6,20,20,1,0.01,0.0735638985645719,0.9982692080436372
600,10,5,10,20,20,0,0.01,0.0518580556613537,0.999132906203044
600,10,5,10,20,20,1,0.01,0.1108795916744322,0.9965528900614328
600,10,10,2,20,20,0,0.01,0.1263083904407498,0.9988279761072854
600,10,10,2,20,20,1,0.01,0.1548343990052293,0.998890912763716
600,10,10,6,20,20,0,0.01,0.0448132719143835,0.9983844879387858
600,10,10,6,20,20,1,0.01,0.0751763356562069,0.9971430383367356
600,10,10,10,20,20,0,0.01,0.0574896429740639,0.9976428131567748
600,10,10,10,20,20,1,0.01,0.0970217314559649,0.9947469715982096
700,1,2,2,20,20,0,0.01,0.0,1.0
700,1,2,2,20,20,1,0.01,0.1677280260783286,0.9998282183195504
700,1,2,6,20,20,0,0.01,0.0,1.0
700,1,2,6,20,20,1,0.01,0.0,1.0
700,1,2,10,20,20,0,0.01,0.0,1.0
700,1,2,10,20,20,1,0.01,0.0859875014113715,0.999361963275242
700,1,5,2,20,20,0,0.01,0.0293942938433007,0.9999996394505948
700,1,5,2,20,20,1,0.01,0.2498381392724001,0.9996651107018876
700,1,5,6,20,20,0,0.01,0.0,1.0
700,1,5,6,20,20,1,0.01,0.0501170940324373,0.9998059028451358
700,1,5,10,20,20,0,0.01,0.0,1.0
700,1,5,10,20,20,1,0.01,0.0248963082304356,0.9998706407241016
700,1,10,2,20,20,0,0.01,0.0,1.0
700,1,10,2,20,20,1,0.01,0.2085830766180479,0.99911940404652
700,1,10,6,20,20,0,0.01,0.0005579573076417,0.999999481521286
700,1,10,6,20,20,1,0.01,0.0464902185065729,0.9984436550725636
700,1,10,10,20,20,0,0.01,0.0,1.0
700,1,10,10,20,20,1,0.01,0.0,1.0
700,5,2,2,20,20,0,0.01,0.1274390467578238,0.9998907182408392
700,5,2,2,20,20,1,0.01,0.2380292778350713,0.999744267207244
700,5,2,6,20,20,0,0.01,0.024821142487655,0.9999531884871702
700,5,2,6,20,20,1,0.01,0.0448415952093985,0.9998343373429174
700,5,2,10,20,20,0,0.01,0.0370654040293358,0.9998355375308268
700,5,2,10,20,20,1,0.01,0.0583840906094366,0.9998404021446456
700,5,5,2,20,20,0,0.01,0.0910818242210398,0.999679714486214
700,5,5,2,20,20,1,0.01,0.1303861160089651,0.9995193927643552
700,5,5,6,20,20,0,0.01,0.0260941256530953,0.9997175005796224
700,5,5,6,20,20,1,0.01,0.0541384711217542,0.9994810759008328
700,5,5,10,20,20,0,0.01,0.0291775643103346,0.9996926769664164
700,5,5,10,20,20,1,0.01,0.0600249202980514,0.9987451168339416
700,5,10,2,20,20,0,0.01,0.1173271874359187,0.9995168131250356
700,5,10,2,20,20,1,0.01,0.1454209225930992,0.9997292069190108
700,5,10,6,20,20,0,0.01,0.0428811276122566,0.9993007499786416
700,5,10,6,20,20,1,0.01,0.0568344533126388,0.998943887922502
700,5,10,10,20,20,0,0.01,0.0173655056703708,0.9992550591015024
700,5,10,10,20,20,1,0.01,0.0586274200446285,0.9983746888710856
700,10,2,2,20,20,0,0.01,0.1237702077677746,0.9997720715300992
700,10,2,2,20,20,1,0.01,0.1838095232714629,0.9997232989320294
700,10,2,6,20,20,0,0.01,0.0474389663796677,0.9997261816447855
700,10,2,6,20,20,1,0.01,0.0497309028035758,0.9997363074591312
700,10,2,10,20,20,0,0.01,0.0446119453220231,0.9998707533780444
700,10,2,10,20,20,1,0.01,0.0568287247085812,0.9997500686027476
700,10,5,2,20,20,0,0.01,0.0815085484232549,0.9998803977607528
700,10,5,2,20,20,1,0.01,0.1044392365688376,0.999797137881728
700,10,5,6,20,20,0,0.01,0.0235729478307364,0.9997578630025707
700,10,5,6,20,20,1,0.01,0.0430887723352096,0.9995300756657446
700,10,5,10,20,20,0,0.01,0.0221143370051674,0.999841441864255
700,10,5,10,20,20,1,0.01,0.0613600594467968,0.9990217624180258
700,10,10,2,20,20,0,0.01,0.1000280056427256,0.9994906866568508
700,10,10,2,20,20,1,0.01,0.1165945751251819,0.9996148325521024
700,10,10,6,20,20,0,0.01,0.0225619265550461,0.9996230286940262
700,10,10,6,20,20,1,0.01,0.0429625209642635,0.9992723758172712
700,10,10,10,20,20,0,0.01,0.0288625528604862,0.9991944465285622
700,10,10,10,20,20,1,0.01,0.0506762393839072,0.998115428146258
800,1,2,2,20,20,0,0.01,0.0,1.0
800,1,2,2,20,20,1,0.01,0.1097103124561167,0.9999853237797496
800,1,2,6,20,20,0,0.01,0.0,1.0
800,1,2,6,20,20,1,0.01,0.0,1.0
800,1,2,10,20,20,0,0.01,0.0,1.0
800,1,2,10,20,20,1,0.01,0.0680098351160665,0.99961643180985
800,1,5,2,20,20,0,0.01,0.0079463322534962,0.9999997720069936
800,1,5,2,20,20,1,0.01,0.181893408628723,0.999942320809555
800,1,5,6,20,20,0,0.01,0.0,1.0
800,1,5,6,20,20,1,0.01,0.025006283083949,0.9999720643930962
800,1,5,10,20,20,0,0.01,0.0,1.0
800,1,5,10,20,20,1,0.01,0.0111628891269895,0.9999895236207592
800,1,10,2,20,20,0,0.01,0.0,1.0
800,1,10,2,20,20,1,0.01,0.1578923429659619,0.999396284867008
800,1,10,6,20,20,0,0.01,0.000125418230603,0.9999999266992166
800,1,10,6,20,20,1,0.01,0.0342262244167649,0.9995472001693372
800,1,10,10,20,20,0,0.01,0.0,1.0
800,1,10,10,20,20,1,0.01,0.0,1.0
800,5,2,2,20,20,0,0.01,0.0882150984721929,0.9999561257804948
800,5,2,2,20,20,1,0.01,0.1755364459629281,0.999916095065327
800,5,2,6,20,20,0,0.01,0.0110432468382535,0.9999943630614964
800,5,2,6,20,20,1,0.01,0.0168194425021741,0.9999801935533024
800,5,2,10,20,20,0,0.01,0.0159841007047065,0.9999529917897256
800,5,2,10,20,20,1,0.01,0.0218513485266633,0.9999684865413924
800,5,5,2,20,20,0,0.01,0.050751160574386,0.9998974653286178
800,5,5,2,20,20,1,0.01,0.0896693329970169,0.9998892969879865
800,5,5,6,20,20,0,0.01,0.0133238477223951,0.9999650052431086
800,5,5,6,20,20,1,0.01,0.0254598111164342,0.9998383050651164
800,5,5,10,20,20,0,0.01,0.0133333301500154,0.9998660119860928
800,5,5,10,20,20,1,0.01,0.0389081153503863,0.9995861126738662
800,5,10,2,20,20,0,0.01,0.0738396538750548,0.9998725871265732
800,5,10,2,20,20,1,0.01,0.1132225345628464,0.9997881262790672
800,5,10,6,20,20,0,0.01,0.021884091630003,0.9998441058009896
800,5,10,6,20,20,1,0.01,0.0334103660193108,0.9995968883994382
800,5,10,10,20,20,0,0.01,0.011621979883139,0.999783565690219
800,5,10,10,20,20,1,0.01,0.0291023694153085,0.9995857141278126
800,10,2,2,20,20,0,0.01,0.0858216084287075,0.999896894862174
800,10,2,2,20,20,1,0.01,0.1348380868586579,0.999904655797628
800,10,2,6,20,20,0,0.01,0.0310145494371234,0.9998802686774272
800,10,2,6,20,20,1,0.01,0.0352390111495364,0.9998476144940434
800,10,2,10,20,20,0,0.01,0.0222460809920225,0.9999490553286692
800,10,2,10,20,20,1,0.01,0.0299462394562077,0.9999438439926436
800,10,5,2,20,20,0,0.01,0.0490187856545634,0.9999579846340202
800,10,5,2,20,20,1,0.01,0.0625815108621695,0.9999293303120425
800,10,5,6,20,20,0,0.01,0.0107033519850139,0.999895858073692
800,10,5,6,20,20,1,0.01,0.0267207225165635,0.9998614611341438
800,10,5,10,20,20,0,0.01,0.0085804982420038,0.9999765895374656
800,10,5,10,20,20,1,0.01,0.0337294249660123,0.999515739129168
800,10,10,2,20,20,0,0.01,0.0759637536656745,0.9998378601019436
800,10,10,2,20,20,1,0.01,0.0805535481642231,0.9999045431480356
800,10,10,6,20,20,0,0.01,0.0104448780545982,0.999908045804303
800,10,10,6,20,20,1,0.01,0.0234602352247011,0.999868222333465
800,10,10,10,20,20,0,0.01,0.0151553642373279,0.9996550449588678
800,10,10,10,20,20,1,0.01,0.0271188632817156,0.9992997773168986
900,1,2,2,20,20,0,0.01,0.0,1.0
900,1,2,2,20,20,1,0.01,0.0398963887823015,0.9999997053023372
900,1,2,6,20,20,0,0.01,0.0,1.0
900,1,2,6,20,20,1,0.01,0.0,1.0
900,1,2,10,20,20,0,0.01,0.0,1.0
900,1,2,10,20,20,1,0.01,0.0406356989167683,0.9999456666296592
900,1,5,2,20,20,0,0.01,0.0,1.0
900,1,5,2,20,20,1,0.01,0.1124576195242497,0.9999760652662169
900,1,5,6,20,20,0,0.01,0.0,1.0
900,1,5,6,20,20,1,0.01,0.0078343301828834,0.999987322698178
900,1,5,10,20,20,0,0.01,0.0,1.0
900,1,5,10,20,20,1,0.01,0.0030836821997294,0.999996654196084
900,1,10,2,20,20,0,0.01,0.0,1.0
900,1,10,2,20,20,1,0.01,0.1063480154475209,0.9999897527550624
900,1,10,6,20,20,0,0.01,0.0,1.0
900,1,10,6,20,20,1,0.01,0.030151816298858,0.9994842753974736
900,1,10,10,20,20,0,0.01,0.0,1.0
900,1,10,10,20,20,1,0.01,0.0,1.0
900,5,2,2,20,20,0,0.01,0.0605572086144481,0.999961013146324
900,5,2,2,20,20,1,0.01,0.117476787230302,0.9999465334044366
900,5,2,6,20,20,0,0.01,0.0031347774287529,0.9999991253475388
900,5,2,6,20,20,1,0.01,0.0042610372671414,0.9999996189366028
900,5,2,10,20,20,0,0.01,0.0057297946632819,0.9999963267143392
900,5,2,10,20,20,1,0.01,0.0057202137236335,0.9999974898267838
900,5,5,2,20,20,0,0.01,0.030775594759735,0.9999785442223896
900,5,5,2,20,20,1,0.01,0.0556614478380011,0.9999782153081108
900,5,5,6,20,20,0,0.01,0.0058694862536028,0.9999946960870456
900,5,5,6,20,20,1,0.01,0.0138652186958894,0.9999358543859266
900,5,5,10,20,20,0,0.01,0.0061090297273085,0.999983085501418
900,5,5,10,20,20,1,0.01,0.0233768388304337,0.999755233002265
900,5,10,2,20,20,0,0.01,0.0398900744269393,0.999913070403075
900,5,10,2,20,20,1,0.01,0.0789496796413162,0.9999125025080822
900,5,10,6,20,20,0,0.01,0.0102419141627866,0.9999356075063078
900,5,10,6,20,20,1,0.01,0.0203208572823768,0.9998428012319628
900,5,10,10,20,20,0,0.01,0.0090913122543705,0.9998619871247888
900,5,10,10,20,20,1,0.01,0.0119136838847929,0.9999196381756604
900,10,2,2,20,20,0,0.01,0.0621397073296287,0.9999820604808554
900,10,2,2,20,20,1,0.01,0.0896859212382065,0.9999485197947994
900,10,2,6,20,20,0,0.01,0.0202346025274247,0.9999305164278348
900,10,2,6,20,20,1,0.01,0.0286665109232847,0.9998286870139484
900,10,2,10,20,20,0,0.01,0.0083902354098437,0.9999890080974224
900,10,2,10,20,20,1,0.01,0.0126826360247613,0.9999826849190192
900,10,5,2,20,20,0,0.01,0.0310793380945538,0.9999313415667374
900,10,5,2,20,20,1,0.01,0.0292882505839716,0.9999842403987432
900,10,5,6,20,20,0,0.01,0.0050906924566618,0.9999612162867386
900,10,5,6,20,20,1,0.01,0.0166738978148362,0.999951309581846
900,10,5,10,20,20,0,0.01,0.0024846844744387,0.9999972035350998
900,10,5,10,20,20,1,0.01,0.017767697103848,0.9998241811333092
900,10,10,2,20,20,0,0.01,0.0521541829822033,0.9998918346110665
900,10,10,2,20,20,1,0.01,0.0501022939782015,0.9999384230762628
900,10,10,6,20,20,0,0.01,0.0043880712005462,0.999984073109448
900,10,10,6,20,20,1,0.01,0.0116403531482461,0.9999692294107604
900,10,10,10,20,20,0,0.01,0.0076848372308349,0.9999415042027324
900,10,10,10,20,20,1,0.01,0.0158102448652507,0.9997141113145324
1000,1,2,2,20,20,0,0.01,0.0,1.0
1000,1,2,2,20,20,1,0.01,0.0032357281172664,0.9999999533255812
1000,1,2,6,20,20,0,0.01,0.0,1.0
1000,1,2,6,20,20,1,0.01,0.0,1.0
1000,1,2,10,20,20,0,0.01,0.0,1.0
1000,1,2,10,20,20,1,0.01,0.0167550369900138,0.9999898036341432
1000,1,5,2,20,20,0,0.01,0.0,1.0
1000,1,5,2,20,20,1,0.01,0.0739235883704868,0.9999992838606944
1000,1,5,6,20,20,0,0.01,0.0,1.0
1000,1,5,6,20,20,1,0.01,0.0007210894327287,0.9999995766277754
1000,1,5,10,20,20,0,0.01,0.0,1.0
1000,1,5,10,20,20,1,0.01,0.000500862002281,0.9999996669695236
1000,1,10,2,20,20,0,0.01,0.0,1.0
1000,1,10,2,20,20,1,0.01,0.0640499075798769,0.999989638274596
1000,1,10,6,20,20,0,0.01,0.0,1.0
1000,1,10,6,20,20,1,0.01,0.02983916654149,0.9995068847817464
1000,1,10,10,20,20,0,0.01,0.0,1.0
1000,1,10,10,20,20,1,0.01,0.0,1.0
1000,5,2,2,20,20,0,0.01,0.0327224174376632,0.9999790712772648
1000,5,2,2,20,20,1,0.01,0.0824322055408334,0.9999140212143424
1000,5,2,6,20,20,0,0.01,0.0003220873228244,0.999999937174834
1000,5,2,6,20,20,1,0.01,0.0008943180007065,0.9999997142063668
1000,5,2,10,20,20,0,0.01,0.0012337116922161,0.9999992356917689
1000,5,2,10,20,20,1,0.01,0.0010488970629421,0.9999994942133568
1000,5,5,2,20,20,0,0.01,0.0194747625464122,0.9999957466199236
1000,5,5,2,20,20,1,0.01,0.0358254242022424,0.9999533916519217
1000,5,5,6,20,20,0,0.01,0.0015261400943458,0.9999992592120766
1000,5,5,6,20,20,1,0.01,0.0066967572176619,0.9999948862999638
1000,5,5,10,20,20,0,0.01,0.0025855422282987,0.9999970865694952
1000,5,5,10,20,20,1,0.01,0.0144953648672511,0.999856074779759
1000,5,10,2,20,20,0,0.01,0.0187546879374001,0.999983563840324
1000,5,10,2,20,20,1,0.01,0.0514959609173781,0.9999392353058576
1000,5,10,6,20,20,0,0.01,0.0050529898376383,0.99999035983177
1000,5,10,6,20,20,1,0.01,0.0097233242099785,0.9999672051383618
1000,5,10,10,20,20,0,0.01,0.0060952789768584,0.9999565565777389
1000,5,10,10,20,20,1,0.01,0.0038983255400361,0.9999916197020424
1000,10,2,2,20,20,0,0.01,0.045072122285549,0.9999827533752106
1000,10,2,2,20,20,1,0.01,0.0517228431354692,0.9999752750088752
1000,10,2,6,20,20,0,0.01,0.0135017284312075,0.99996262134117
1000,10,2,6,20,20,1,0.01,0.0244869735822732,0.9999046842439304
1000,10,2,10,20,20,0,0.01,0.0022589956772664,0.9999979398123892
1000,10,2,10,20,20,1,0.01,0.0037431438568267,0.9999981623774328
1000,10,5,2,20,20,0,0.01,0.0216347350434521,0.9999793722878744
1000,10,5,2,20,20,1,0.01,0.014391700333555,0.99998900791301
1000,10,5,6,20,20,0,0.01,0.0025246228997416,0.9999956714056272
1000,10,5,6,20,20,1,0.01,0.0097208734640774,0.9999762556422844
1000,10,5,10,20,20,0,0.01,0.0005488649240124,0.9999992762551102
1000,10,5,10,20,20,1,0.01,0.0092452694194846,0.9998777098330514
1000,10,10,2,20,20,0,0.01,0.0339731747980819,0.999972761805263
1000,10,10,2,20,20,1,0.01,0.0292857834158694,0.999934533118776
1000,10,10,6,20,20,0,0.01,0.0013002025548077,0.9999979448188286
1000,10,10,6,20,20,1,0.01,0.0046987497580618,0.9999937046482176
1000,10,10,10,20,20,0,0.01,0.0032860111041789,0.9999912550044596
1000,10,10,10,20,20,1,0.01,0.0099995917468144,0.999830217584506
1100,1,2,2,20,20,0,0.01,0.0,1.0
1100,1,2,2,20,20,1,0.01,0.0,1.0
1100,1,2,6,20,20,0,0.01,0.0,1.0
1100,1,2,6,20,20,1,0.01,0.0,1.0
1100,1,2,10,20,20,0,0.01,0.0,1.0
1100,1,2,10,20,20,1,0.01,0.0048647763483738,0.9999972167187988
1100,1,5,2,20,20,0,0.01,0.0,1.0
1100,1,5,2,20,20,1,0.01,0.0424061315322507,0.9999611191176528
1100,1,5,6,20,20,0,0.01,0.0,1.0
1100,1,5,6,20,20,1,0.01,0.0,1.0
1100,1,5,10,20,20,0,0.01,0.0,1.0
1100,1,5,10,20,20,1,0.01,0.0001777852992518,0.9999998354743754
1100,1,10,2,20,20,0,0.01,0.0,1.0
1100,1,10,2,20,20,1,0.01,0.0476526484778661,0.9999889595213248
1100,1,10,6,20,20,0,0.01,0.0,1.0
1100,1,10,6,20,20,1,0.01,0.0289676746416232,0.999730517614001
1100,1,10,10,20,20,0,0.01,0.0,1.0
1100,1,10,10,20,20,1,0.01,0.0,1.0
1100,5,2,2,20,20,0,0.01,0.0179657265247024,0.9999656945072048
1100,5,2,2,20,20,1,0.01,0.072220872269031,0.9999755138473472
1100,5,2,6,20,20,0,0.01,0.0,1.0
1100,5,2,6,20,20,1,0.01,0.0,1.0
1100,5,2,10,20,20,0,0.01,0.0001556391495099,0.99999994809157
1100,5,2,10,20,20,1,0.01,0.0,1.0
1100,5,5,2,20,20,0,0.01,0.0171304639583136,0.99999857123503
1100,5,5,2,20,20,1,0.01,0.0226015293295077,0.9999869094886658
1100,5,5,6,20,20,0,0.01,0.0001114845712426,0.9999999712188302
1100,5,5,6,20,20,1,0.01,0.0019353719815091,0.9999990287339632
1100,5,5,10,20,20,0,0.01,0.0008098223727238,0.9999990184837624
1100,5,5,10,20,20,1,0.01,0.0094161103776258,0.9999797489127534
1100,5,10,2,20,20,0,0.01,0.0071199103062583,0.9999947754971548
1100,5,10,2,20,20,1,0.01,0.0335126461540104,0.9999620231502776
1100,5,10,6,20,20,0,0.01,0.0021817105854881,0.9999941652952612
1100,5,10,6,20,20,1,0.01,0.0031098530246456,0.9999913439994172
1100,5,10,10,20,20,0,0.01,0.0030586151753196,0.9999910553953812
1100,5,10,10,20,20,1,0.01,0.0009638875878711,0.999998421573286
1100,10,2,2,20,20,0,0.01,0.0290881673326087,0.9999962603468244
1100,10,2,2,20,20,1,0.01,0.0242391378119036,0.9999947792455872
1100,10,2,6,20,20,0,0.01,0.0086262462887119,0.9999714128141548
1100,10,2,6,20,20,1,0.01,0.0188815901693319,0.9999593892353132
1100,10,2,10,20,20,0,0.01,0.0004703989704738,0.9999998393278068
1100,10,2,10,20,20,1,0.01,0.0008188903239658,0.9999996837288304
1100,10,5,2,20,20,0,0.01,0.015455748312245,0.999992624466402
1100,10,5,2,20,20,1,0.01,0.0098011726029818,0.9999949175323468
1100,10,5,6,20,20,0,0.01,0.0010993001878576,0.9999996132301416
1100,10,5,6,20,20,1,0.01,0.0048699599382276,0.9999812004544352
1100,10,5,10,20,20,0,0.01,9.771262843071e-05,0.9999999319369038
1100,10,5,10,20,20,1,0.01,0.0055119184361516,0.9999701378503388
1100,10,10,2,20,20,0,0.01,0.0238470947098346,0.9999633892202792
1100,10,10,2,20,20,1,0.01,0.0196469710361949,0.9999744039969491
1100,10,10,6,20,20,0,0.01,0.000217656529126,0.9999998324882308
1100,10,10,6,20,20,1,0.01,0.0015927886773489,0.9999990687258824
1100,10,10,10,20,20,0,0.01,0.0009245455948706,0.9999980129410868
1100,10,10,10,20,20,1,0.01,0.006301840147019,0.9999355434686948
1200,1,2,2,20,20,0,0.01,0.0,1.0
1200,1,2,2,20,20,1,0.01,0.0,1.0
1200,1,2,6,20,20,0,0.01,0.0,1.0
1200,1,2,6,20,20,1,0.01,0.0,1.0
1200,1,2,10,20,20,0,0.01,0.0,1.0
1200,1,2,10,20,20,1,0.01,0.0007163836488121,0.999999787983981
1200,1,5,2,20,20,0,0.01,0.0,1.0
1200,1,5,2,20,20,1,0.01,0.0217819721995938,0.999998644454631
1200,1,5,6,20,20,0,0.01,0.0,1.0
1200,1,5,6,20,20,1,0.01,0.0,1.0
1200,1,5,10,20,20,0,0.01,0.0,1.0
1200,1,5,10,20,20,1,0.01,0.0,1.0
1200,1,10,2,20,20,0,0.01,0.0,1.0
1200,1,10,2,20,20,1,0.01,0.0328768882627791,0.9999887097349212
1200,1,10,6,20,20,0,0.01,0.0,1.0
1200,1,10,6,20,20,1,0.01,0.02704725923869,0.9997278076072916
1200,1,10,10,20,20,0,0.01,0.0,1.0
1200,1,10,10,20,20,1,0.01,0.0,1.0
1200,5,2,2,20,20,0,0.01,0.0122630225614044,0.9999944764839388
1200,5,2,2,20,20,1,0.01,0.0615165470546406,0.9999899150145002
1200,5,2,6,20,20,0,0.01,0.0,1.0
1200,5,2,6,20,20,1,0.01,0.0,1.0
1200,5,2,10,20,20,0,0.01,0.0,1.0
1200,5,2,10,20,20,1,0.01,0.0,1.0
1200,5,5,2,20,20,0,0.01,0.0168423040062152,0.9999940137419072
1200,5,5,2,20,20,1,0.01,0.0109341258972793,0.9999925125207876
1200,5,5,6,20,20,0,0.01,3.998840033785e-05,0.9999999811074136
1200,5,5,6,20,20,1,0.01,0.0002445598521244,0.9999999456397132
1200,5,5,10,20,20,0,0.01,0.0002988879770706,0.9999995990464128
1200,5,5,10,20,20,1,0.01,0.0054423780656175,0.9999834850871112
1200,5,10,2,20,20,0,0.01,0.0052228203738778,0.9999996245989736
1200,5,10,2,20,20,1,0.01,0.0204648943931018,0.9999935339082284
1200,5,10,6,20,20,0,0.01,0.0006239549033732,0.999998985567332
1200,5,10,6,20,20,1,0.01,0.0005219400980196,0.9999993732262912
1200,5,10,10,20,20,0,0.01,0.0011062807776265,0.9999974537644104
1200,5,10,10,20,20,1,0.01,0.0002303650218333,0.9999997192254232
1200,10,2,2,20,20,0,0.01,0.0126259224375231,0.9999993373391052
1200,10,2,2,20,20,1,0.01,0.0109652048847962,0.9999883178939863
1200,10,2,6,20,20,0,0.01,0.0046404836695742,0.9999939744819684
1200,10,2,6,20,20,1,0.01,0.011851341519874,0.9999923257446892
1200,10,2,10,20,20,0,0.01,4.207389612459e-05,0.99999998278409
1200,10,2,10,20,20,1,0.01,0.000154763491944,0.999999953086092
1200,10,5,2,20,20,0,0.01,0.0094622993230734,0.9999971950560452
1200,10,5,2,20,20,1,0.01,0.0067650458899422,0.9999875333131276
1200,10,5,6,20,20,0,0.01,0.0003868000765399,0.9999998197254192
1200,10,5,6,20,20,1,0.01,0.0023872765251493,0.9999973075462176
1200,10,5,10,20,20,0,0.01,0.0,1.0
1200,10,5,10,20,20,1,0.01,0.0043676177449814,0.9999762908103744
1200,10,10,2,20,20,0,0.01,0.0159289498957453,0.9999686148732736
1200,10,10,2,20,20,1,0.01,0.013000718727084,0.9999936274061192
1200,10,10,6,20,20,0,0.01,1.273105608083e-05,0.9999999924084882
1200,10,10,6,20,20,1,0.01,0.0003586071766741,0.9999993348465188
1200,10,10,10,20,20,0,0.01,0.0001081532565336,0.9999995643097124
1200,10,10,10,20,20,1,0.01,0.0035588295615755,0.9999793495644944
1300,1,2,2,20,20,0,0.01,0.0,1.0
1300,1,2,2,20,20,1,0.01,0.0,1.0
1300,1,2,6,20,20,0,0.01,0.0,1.0
1300,1,2,6,20,20,1,0.01,0.0,1.0
1300,1,2,10,20,20,0,0.01,0.0,1.0
1300,1,2,10,20,20,1,0.01,0.0,1.0
1300,1,5,2,20,20,0,0.01,0.0,1.0
1300,1,5,2,20,20,1,0.01,0.0035078320481312,0.9999989901991184
1300,1,5,6,20,20,0,0.01,0.0,1.0
1300,1,5,6,20,20,1,0.01,0.0,1.0
1300,1,5,10,20,20,0,0.01,0.0,1.0
1300,1,5,10,20,20,1,0.01,0.0,1.0
1300,1,10,2,20,20,0,0.01,0.0,1.0
1300,1,10,2,20,20,1,0.01,0.0298088979092131,0.9999998518809058
1300,1,10,6,20,20,0,0.01,0.0,1.0
1300,1,10,6,20,20,1,0.01,0.0222689293564958,0.9997530193518412
1300,1,10,10,20,20,0,0.01,0.0,1.0
1300,1,10,10,20,20,1,0.01,0.0,1.0
1300,5,2,2,20,20,0,0.01,0.0042671369309568,0.9999999996816626
1300,5,2,2,20,20,1,0.01,0.0501518217005654,0.9999659101026512
1300,5,2,6,20,20,0,0.01,0.0,1.0
1300,5,2,6,20,20,1,0.01,0.0,1.0
1300,5,2,10,20,20,0,0.01,0.0,1.0
1300,5,2,10,20,20,1,0.01,0.0,1.0
1300,5,5,2,20,20,0,0.01,0.0160988813916455,0.9999991629430984
1300,5,5,2,20,20,1,0.01,0.0071667939473097,0.9999992284096376
1300,5,5,6,20,20,0,0.01,0.0,1.0
1300,5,5,6,20,20,1,0.01,3.69872911395e-05,0.99999998426563
1300,5,5,10,20,20,0,0.01,3.911808676056e-05,0.999999958679512
1300,5,5,10,20,20,1,0.01,0.0026097732190234,0.999993772760794
1300,5,10,2,20,20,0,0.01,0.003987501138038,0.9999999693344988
1300,5,10,2,20,20,1,0.01,0.0094064029658508,0.9999986925070162
1300,5,10,6,20,20,0,0.01,9.419643914962e-05,0.999999895450841
1300,5,10,6,20,20,1,0.01,7.568164335268999e-05,0.9999999549814026
1300,5,10,10,20,20,0,0.01,0.0003519429285583,0.9999994760863103
1300,5,10,10,20,20,1,0.01,4.762959482985e-05,0.999999940085254
1300,10,2,2,20,20,0,0.01,0.0022876312281526,0.9999998326429712
1300,10,2,2,20,20,1,0.01,0.0072504279681323,0.9999915384747756
1300,10,2,6,20,20,0,0.01,0.0016253568020748,0.9999996493114608
1300,10,2,6,20,20,1,0.01,0.0056833354612735,0.9999992748619444
1300,10,2,10,20,20,0,0.01,0.0,1.0
1300,10,2,10,20,20,1,0.01,4.256591576655e-05,0.999999982300302
1300,10,5,2,20,20,0,0.01,0.0058322843732892,0.9999977373602082
1300,10,5,2,20,20,1,0.01,0.0048831723105987,0.9999999932103634
1300,10,5,6,20,20,0,0.01,0.0001096610576244,0.9999999782846778
1300,10,5,6,20,20,1,0.01,0.0010072095720321,0.9999995371545808
1300,10,5,10,20,20,0,0.01,0.0,1.0
1300,10,5,10,20,20,1,0.01,0.0040652373582784,0.9999532056863526
1300,10,10,2,20,20,0,0.01,0.00856978286184,0.9999943343485256
1300,10,10,2,20,20,1,0.01,0.0071649840020012,0.9999990530978164
1300,10,10,6,20,20,0,0.01,1.304109992454e-05,0.9999999919684928
1300,10,10,6,20,20,1,0.01,6.064367132943e-05,0.9999999661324646
1300,10,10,10,20,20,0,0.01,3.355919990102e-05,0.9999999283366542
1300,10,10,10,20,20,1,0.01,0.0017718554763141,0.9999925912097664
1400,1,2,2,20,20,0,0.01,0.0,1.0
1400,1,2,2,20,20,1,0.01,0.0,1.0
1400,1,2,6,20,20,0,0.01,0.0,1.0
1400,1,2,6,20,20,1,0.01,0.0,1.0
1400,1,2,10,20,20,0,0.01,0.0,1.0
1400,1,2,10,20,20,1,0.01,0.0,1.0
1400,1,5,2,20,20,0,0.01,0.0,1.0
1400,1,5,2,20,20,1,0.01,0.0002103548002854,0.9999999882897104
1400,1,5,6,20,20,0,0.01,0.0,1.0
1400,1,5,6,20,20,1,0.01,0.0,1.0
1400,1,5,10,20,20,0,0.01,0.0,1.0
1400,1,5,10,20,20,1,0.01,0.0,1.0
1400,1,10,2,20,20,0,0.01,0.0,1.0
1400,1,10,2,20,20,1,0.01,0.0293140867614525,0.9999925098467072
1400,1,10,6,20,20,0,0.01,0.0,1.0
1400,1,10,6,20,20,1,0.01,0.0147023793557705,0.9999598921581978
1400,1,10,10,20,20,0,0.01,0.0,1.0
1400,1,10,10,20,20,1,0.01,0.0,1.0
1400,5,2,2,20,20,0,0.01,0.00025859195629,0.9999999777819044
1400,5,2,2,20,20,1,0.01,0.0395109825626155,0.9999876603977326
1400,5,2,6,20,20,0,0.01,0.0,1.0
1400,5,2,6,20,20,1,0.01,0.0,1.0
1400,5,2,10,20,20,0,0.01,0.0,1.0
1400,5,2,10,20,20,1,0.01,0.0,1.0
1400,5,5,2,20,20,0,0.01,0.0142023671682794,0.9999997858847336
1400,5,5,2,20,20,1,0.01,0.004371303709888,0.9999996645300794
1400,5,5,6,20,20,0,0.01,0.0,1.0
1400,5,5,6,20,20,1,0.01,0.0,1.0
1400,5,5,10,20,20,0,0.01,0.0,1.0
1400,5,5,10,20,20,1,0.01,0.0007019092309256,0.9999985428736547
1400,5,10,2,20,20,0,0.01,0.0013201294474249,0.9999999933120552
1400,5,10,2,20,20,1,0.01,0.0031098725886331,0.9999998806837372
1400,5,10,6,20,20,0,0.01,0.0,1.0
1400,5,10,6,20,20,1,0.01,0.0,1.0
1400,5,10,10,20,20,0,0.01,0.0001144813720623,0.9999998529553724
1400,5,10,10,20,20,1,0.01,0.0,1.0
1400,10,2,2,20,20,0,0.01,4.9460410376730005e-05,0.99999999879487
1400,10,2,2,20,20,1,0.01,0.0039230216551927,0.9999972123453856
1400,10,2,6,20,20,0,0.01,0.0003806301166766,0.999999949951011
1400,10,2,6,20,20,1,0.01,0.002320546777353,0.9999985832178316
1400,10,2,10,20,20,0,0.01,0.0,1.0
1400,10,2,10,20,20,1,0.01,0.0,1.0
1400,10,5,2,20,20,0,0.01,0.0036440177701976,0.999999833778458
1400,10,5,2,20,20,1,0.01,0.0042913403585267,0.9999996400196242
1400,10,5,6,20,20,0,0.01,3.611669495767e-05,0.9999999880950334
1400,10,5,6,20,20,1,0.01,0.0003473036010902,0.9999998448589332
1400,10,5,10,20,20,0,0.01,0.0,1.0
1400,10,5,10,20,20,1,0.01,0.0037350147980412,0.9999713529867984
1400,10,10,2,20,20,0,0.01,0.0035883217234931,0.9999981414057256
1400,10,10,2,20,20,1,0.01,0.0038444655830931,0.9999986259277344
1400,10,10,6,20,20,0,0.01,0.0,1.0
1400,10,10,6,20,20,1,0.01,0.0,1.0
1400,10,10,10,20,20,0,0.01,2.28099617005e-05,0.999999976138474
1400,10,10,10,20,20,1,0.01,0.0006905385225175,0.9999983633787226
1500,1,2,2,20,20,0,0.01,0.0,1.0
1500,1,2,2,20,20,1,0.01,0.0,1.0
1500,1,2,6,20,20,0,0.01,0.0,1.0
1500,1,2,6,20,20,1,0.01,0.0,1.0
1500,1,2,10,20,20,0,0.01,0.0,1.0
1500,1,2,10,20,20,1,0.01,0.0,1.0
1500,1,5,2,20,20,0,0.01,0.0,1.0
1500,1,5,2,20,20,1,0.01,0.0,1.0
1500,1,5,6,20,20,0,0.01,0.0,1.0
1500,1,5,6,20,20,1,0.01,0.0,1.0
1500,1,5,10,20,20,0,0.01,0.0,1.0
1500,1,5,10,20,20,1,0.01,0.0,1.0
1500,1,10,2,20,20,0,0.01,0.0,1.0
1500,1,10,2,20,20,1,0.01,0.0281636476906138,0.9999700002757734
1500,1,10,6,20,20,0,0.01,0.0,1.0
1500,1,10,6,20,20,1,0.01,0.0052611749255418,0.9999976988999416
1500,1,10,10,20,20,0,0.01,0.0,1.0
1500,1,10,10,20,20,1,0.01,0.0,1.0
1500,5,2,2,20,20,0,0.01,0.0,1.0
1500,5,2,2,20,20,1,0.01,0.0298315058463608,0.9999985365738648
1500,5,2,6,20,20,0,0.01,0.0,1.0
1500,5,2,6,20,20,1,0.01,0.0,1.0
1500,5,2,10,20,20,0,0.01,0.0,1.0
1500,5,2,10,20,20,1,0.01,0.0,1.0
1500,5,5,2,20,20,0,0.01,0.0099657308418316,0.9999989393037768
1500,5,5,2,20,20,1,0.01,0.0011659729906755,0.9999999637535788
1500,5,5,6,20,20,0,0.01,0.0,1.0
1500,5,5,6,20,20,1,0.01,0.0,1.0
1500,5,5,10,20,20,0,0.01,0.0,1.0
1500,5,5,10,20,20,1,0.01,0.0002799045197169,0.999999856108017
1500,5,10,2,20,20,0,0.01,5.91363416748e-05,0.999999999974589
1500,5,10,2,20,20,1,0.01,0.000542992088047,0.9999999999204612
1500,5,10,6,20,20,0,0.01,0.0,1.0
1500,5,10,6,20,20,1,0.01,0.0,1.0
1500,5,10,10,20,20,0,0.01,2.212748308411e-05,0.9999999750313584
1500,5,10,10,20,20,1,0.01,0.0,1.0
1500,10,2,2,20,20,0,0.01,0.0,1.0
1500,10,2,2,20,20,1,0.01,0.0007685032286398,0.9999998779559716
1500,10,2,6,20,20,0,0.01,7.136100011404e-05,0.9999999738833296
1500,10,2,6,20,20,1,0.01,0.0006722332886779,0.9999999183032596
1500,10,2,10,20,20,0,0.01,0.0,1.0
1500,10,2,10,20,20,1,0.01,0.0,1.0
1500,10,5,2,20,20,0,0.01,0.0020400463702315,0.9999999972428965
1500,10,5,2,20,20,1,0.01,0.0042737430520704,0.999999792209646
1500,10,5,6,20,20,0,0.01,0.0,1.0
1500,10,5,6,20,20,1,0.01,6.83522380117e-05,0.9999999694277956
1500,10,5,10,20,20,0,0.01,0.0,1.0
1500,10,5,10,20,20,1,0.01,0.003084707006707,0.9999766617945424
1500,10,10,2,20,20,0,0.01,0.0007111367277101,0.9999998213776164
1500,10,10,2,20,20,1,0.01,0.0018594757882233,0.9999994021202476
1500,10,10,6,20,20,0,0.01,0.0,1.0
1500,10,10,6,20,20,1,0.01,0.0,1.0
1500,10,10,10,20,20,0,0.01,0.0,1.0
1500,10,10,10,20,20,1,0.01,0.0002100335383304,0.9999997726951204
1600,1,2,2,20,20,0,0.01,0.0,1.0
1600,1,2,2,20,20,1,0.01,0.0,1.0
1600,1,2,6,20,20,0,0.01,0.0,1.0
1600,1,2,6,20,20,1,0.01,0.0,1.0
1600,1,2,10,20,20,0,0.01,0.0,1.0
1600,1,2,10,20,20,1,0.01,0.0,1.0
1600,1,5,2,20,20,0,0.01,0.0,1.0
1600,1,5,2,20,20,1,0.01,0.0,1.0
1600,1,5,6,20,20,0,0.01,0.0,1.0
1600,1,5,6,20,20,1,0.01,0.0,1.0
1600,1,5,10,20,20,0,0.01,0.0,1.0
1600,1,5,10,20,20,1,0.01,0.0,1.0
1600,1,10,2,20,20,0,0.01,0.0,1.0
1600,1,10,2,20,20,1,0.01,0.0249227791137297,0.9999975321058212
1600,1,10,6,20,20,0,0.01,0.0,1.0
1600,1,10,6,20,20,1,0.01,0.0012105520276017,0.9999990664686011
1600,1,10,10,20,20,0,0.01,0.0,1.0
1600,1,10,10,20,20,1,0.01,0.0,1.0
1600,5,2,2,20,20,0,0.01,0.0,1.0
1600,5,2,2,20,20,1,0.01,0.0224343483264456,0.9999998486947852
1600,5,2,6,20,20,0,0.01,0.0,1.0
1600,5,2,6,20,20,1,0.01,0.0,1.0
1600,5,2,10,20,20,0,0.01,0.0,1.0
1600,5,2,10,20,20,1,0.01,0.0,1.0
1600,5,5,2,20,20,0,0.01,0.0039708530955514,0.999998680828082
1600,5,5,2,20,20,1,0.01,0.0,1.0
1600,5,5,6,20,20,0,0.01,0.0,1.0
1600,5,5,6,20,20,1,0.01,0.0,1.0
1600,5,5,10,20,20,0,0.01,0.0,1.0
1600,5,5,10,20,20,1,0.01,3.390311429348e-05,0.9999999706201236
1600,5,10,2,20,20,0,0.01,0.0,1.0
1600,5,10,2,20,20,1,0.01,0.0,1.0
1600,5,10,6,20,20,0,0.01,0.0,1.0
1600,5,10,6,20,20,1,0.01,0.0,1.0
1600,5,10,10,20,20,0,0.01,0.0,1.0
1600,5,10,10,20,20,1,0.01,0.0,1.0
1600,10,2,2,20,20,0,0.01,0.0,1.0
1600,10,2,2,20,20,1,0.01,0.0,1.0
1600,10,2,6,20,20,0,0.01,0.0,1.0
1600,10,2,6,20,20,1,0.01,8.747598815084e-05,0.9999999868400123
1600,10,2,10,20,20,0,0.01,0.0,1.0
1600,10,2,10,20,20,1,0.01,0.0,1.0
1600,10,5,2,20,20,0,0.01,0.0005634876750412,0.9999999940052042
1600,10,5,2,20,20,1,0.01,0.0042109958182427,0.9999958205422504
1600,10,5,6,20,20,0,0.01,0.0,1.0
1600,10,5,6,20,20,1,0.01,0.0,1.0
1600,10,5,10,20,20,0,0.01,0.0,1.0
1600,10,5,10,20,20,1,0.01,0.0020484618591132,0.999996152229411
1600,10,10,2,20,20,0,0.01,4.173111206225e-05,0.9999999988586068
1600,10,10,2,20,20,1,0.01,0.0005962046811158,0.999999967092999
1600,10,10,6,20,20,0,0.01,0.0,1.0
1600,10,10,6,20,20,1,0.01,0.0,1.0
1600,10,10,10,20,20,0,0.01,0.0,1.0
1600,10,10,10,20,20,1,0.01,5.06559211548e-05,0.9999999539043428
1700,1,2,2,20,20,0,0.01,0.0,1.0
1700,1,2,2,20,20,1,0.01,0.0,1.0
1700,1,2,6,20,20,0,0.01,0.0,1.0
1700,1,2,6,20,20,1,0.01,0.0,1.0
1700,1,2,10,20,20,0,0.01,0.0,1.0
1700,1,2,10,20,20,1,0.01,0.0,1.0
1700,1,5,2,20,20,0,0.01,0.0,1.0
1700,1,5,2,20,20,1,0.01,0.0,1.0
1700,1,5,6,20,20,0,0.01,0.0,1.0
1700,1,5,6,20,20,1,0.01,0.0,1.0
1700,1,5,10,20,20,0,0.01,0.0,1.0
1700,1,5,10,20,20,1,0.01,0.0,1.0
1700,1,10,2,20,20,0,0.01,0.0,1.0
1700,1,10,2,20,20,1,0.01,0.017460603383392,0.9999966460138368
1700,1,10,6,20,20,0,0.01,0.0,1.0
1700,1,10,6,20,20,1,0.01,0.0001364836852341,0.9999999106421852
1700,1,10,10,20,20,0,0.01,0.0,1.0
1700,1,10,10,20,20,1,0.01,0.0,1.0
1700,5,2,2,20,20,0,0.01,0.0,1.0
1700,5,2,2,20,20,1,0.01,0.0200966136829049,0.9999986263612094
1700,5,2,6,20,20,0,0.01,0.0,1.0
1700,5,2,6,20,20,1,0.01,0.0,1.0
1700,5,2,10,20,20,0,0.01,0.0,1.0
1700,5,2,10,20,20,1,0.01,0.0,1.0
1700,5,5,2,20,20,0,0.01,0.0003817972451162,0.9999999850573572
1700,5,5,2,20,20,1,0.01,0.0,1.0
1700,5,5,6,20,20,0,0.01,0.0,1.0
1700,5,5,6,20,20,1,0.01,0.0,1.0
1700,5,5,10,20,20,0,0.01,0.0,1.0
1700,5,5,10,20,20,1,0.01,0.0,1.0
1700,5,10,2,20,20,0,0.01,0.0,1.0
1700,5,10,2,20,20,1,0.01,0.0,1.0
1700,5,10,6,20,20,0,0.01,0.0,1.0
1700,5,10,6,20,20,1,0.01,0.0,1.0
1700,5,10,10,20,20,0,0.01,0.0,1.0
1700,5,10,10,20,20,1,0.01,0.0,1.0
1700,10,2,2,20,20,0,0.01,0.0,1.0
1700,10,2,2,20,20,1,0.01,0.0,1.0
1700,10,2,6,20,20,0,0.01,0.0,1.0
1700,10,2,6,20,20,1,0.01,4.780455823763e-05,0.9999999898811838
1700,10,2,10,20,20,0,0.01,0.0,1.0
1700,10,2,10,20,20,1,0.01,0.0,1.0
1700,10,5,2,20,20,0,0.01,3.815799505451e-05,0.9999999953934416
1700,10,5,2,20,20,1,0.01,0.0040826872482797,0.9999999291330504
1700,10,5,6,20,20,0,0.01,0.0,1.0
1700,10,5,6,20,20,1,0.01,0.0,1.0
1700,10,5,10,20,20,0,0.01,0.0,1.0
1700,10,5,10,20,20,1,0.01,0.0009856441791065,0.9999976851772876
1700,10,10,2,20,20,0,0.01,0.0,1.0
1700,10,10,2,20,20,1,0.01,0.0001088281611667,0.9999999855398564
1700,10,10,6,20,20,0,0.01,0.0,1.0
1700,10,10,6,20,20,1,0.01,0.0,1.0
1700,10,10,10,20,20,0,0.01,0.0,1.0
1700,10,10,10,20,20,1,0.01,0.0,1.0
1800,1,2,2,20,20,0,0.01,0.0,1.0
1800,1,2,2,20,20,1,0.01,0.0,1.0
1800,1,2,6,20,20,0,0.01,0.0,1.0
1800,1,2,6,20,20,1,0.01,0.0,1.0
1800,1,2,10,20,20,0,0.01,0.0,1.0
1800,1,2,10,20,20,1,0.01,0.0,1.0
1800,1,5,2,20,20,0,0.01,0.0,1.0
1800,1,5,2,20,20,1,0.01,0.0,1.0
1800,1,5,6,20,20,0,0.01,0.0,1.0
1800,1,5,6,20,20,1,0.01,0.0,1.0
1800,1,5,10,20,20,0,0.01,0.0,1.0
1800,1,5,10,20,20,1,0.01,0.0,1.0
1800,1,10,2,20,20,0,0.01,0.0,1.0
1800,1,10,2,20,20,1,0.01,0.0050581066742735,0.9999999891431792
1800,1,10,6,20,20,0,0.01,0.0,1.0
1800,1,10,6,20,20,1,0.01,0.0,1.0
1800,1,10,10,20,20,0,0.01,0.0,1.0
1800,1,10,10,20,20,1,0.01,0.0,1.0
1800,5,2,2,20,20,0,0.01,0.0,1.0
1800,5,2,2,20,20,1,0.01,0.0199974383171523,0.999999896201846
1800,5,2,6,20,20,0,0.01,0.0,1.0
1800,5,2,6,20,20,1,0.01,0.0,1.0
1800,5,2,10,20,20,0,0.01,0.0,1.0
1800,5,2,10,20,20,1,0.01,0.0,1.0
1800,5,5,2,20,20,0,0.01,0.0,1.0
1800,5,5,2,20,20,1,0.01,0.0,1.0
1800,5,5,6,20,20,0,0.01,0.0,1.0
1800,5,5,6,20,20,1,0.01,0.0,1.0
1800,5,5,10,20,20,0,0.01,0.0,1.0
1800,5,5,10,20,20,1,0.01,0.0,1.0
1800,5,10,2,20,20,0,0.01,0.0,1.0
1800,5,10,2,20,20,1,0.01,0.0,1.0
1800,5,10,6,20,20,0,0.01,0.0,1.0
1800,5,10,6,20,20,1,0.01,0.0,1.0
1800,5,10,10,20,20,0,0.01,0.0,1.0
1800,5,10,10,20,20,1,0.01,0.0,1.0
1800,10,2,2,20,20,0,0.01,0.0,1.0
1800,10,2,2,20,20,1,0.01,0.0,1.0
1800,10,2,6,20,20,0,0.01,0.0,1.0
1800,10,2,6,20,20,1,0.01,0.0,1.0
1800,10,2,10,20,20,0,0.01,0.0,1.0
1800,10,2,10,20,20,1,0.01,0.0,1.0
1800,10,5,2,20,20,0,0.01,0.0,1.0
1800,10,5,2,20,20,1,0.01,0.0037122858624897,0.9999980388280744
1800,10,5,6,20,20,0,0.01,0.0,1.0
1800,10,5,6,20,20,1,0.01,0.0,1.0
1800,10,5,10,20,20,0,0.01,0.0,1.0
1800,10,5,10,20,20,1,0.01,0.0004196088547266,0.999999412015519
1800,10,10,2,20,20,0,0.01,0.0,1.0
1800,10,10,2,20,20,1,0.01,1.455373182498e-05,0.9999999988559788
1800,10,10,6,20,20,0,0.01,0.0,1.0
1800,10,10,6,20,20,1,0.01,0.0,1.0
1800,10,10,10,20,20,0,0.01,0.0,1.0
1800,10,10,10,20,20,1,0.01,0.0,1.0
1900,1,2,2,20,20,0,0.01,0.0,1.0
1900,1,2,2,20,20,1,0.01,0.0,1.0
1900,1,2,6,20,20,0,0.01,0.0,1.0
1900,1,2,6,20,20,1,0.01,0.0,1.0
1900,1,2,10,20,20,0,0.01,0.0,1.0
1900,1,2,10,20,20,1,0.01,0.0,1.0
1900,1,5,2,20,20,0,0.01,0.0,1.0
1900,1,5,2,20,20,1,0.01,0.0,1.0
1900,1,5,6,20,20,0,0.01,0.0,1.0
1900,1,5,6,20,20,1,0.01,0.0,1.0
1900,1,5,10,20,20,0,0.01,0.0,1.0
1900,1,5,10,20,20,1,0.01,0.0,1.0
1900,1,10,2,20,20,0,0.01,0.0,1.0
1900,1,10,2,20,20,1,0.01,0.0002965171317686,0.9999999999230832
1900,1,10,6,20,20,0,0.01,0.0,1.0
1900,1,10,6,20,20,1,0.01,0.0,1.0
1900,1,10,10,20,20,0,0.01,0.0,1.0
1900,1,10,10,20,20,1,0.01,0.0,1.0
1900,5,2,2,20,20,0,0.01,0.0,1.0
1900,5,2,2,20,20,1,0.01,0.0199778706847977,0.9999797995165745
1900,5,2,6,20,20,0,0.01,0.0,1.0
1900,5,2,6,20,20,1,0.01,0.0,1.0
1900,5,2,10,20,20,0,0.01,0.0,1.0
1900,5,2,10,20,20,1,0.01,0.0,1.0
1900,5,5,2,20,20,0,0.01,0.0,1.0
1900,5,5,2,20,20,1,0.01,0.0,1.0
1900,5,5,6,20,20,0,0.01,0.0,1.0
1900,5,5,6,20,20,1,0.01,0.0,1.0
1900,5,5,10,20,20,0,0.01,0.0,1.0
1900,5,5,10,20,20,1,0.01,0.0,1.0
1900,5,10,2,20,20,0,0.01,0.0,1.0
1900,5,10,2,20,20,1,0.01,0.0,1.0
1900,5,10,6,20,20,0,0.01,0.0,1.0
1900,5,10,6,20,20,1,0.01,0.0,1.0
1900,5,10,10,20,20,0,0.01,0.0,1.0
1900,5,10,10,20,20,1,0.01,0.0,1.0
1900,10,2,2,20,20,0,0.01,0.0,1.0
1900,10,2,2,20,20,1,0.01,0.0,1.0
1900,10,2,6,20,20,0,0.01,0.0,1.0
1900,10,2,6,20,20,1,0.01,0.0,1.0
1900,10,2,10,20,20,0,0.01,0.0,1.0
1900,10,2,10,20,20,1,0.01,0.0,1.0
1900,10,5,2,20,20,0,0.01,0.0,1.0
1900,10,5,2,20,20,1,0.01,0.0027915737497143,0.9999985541135792
1900,10,5,6,20,20,0,0.01,0.0,1.0
1900,10,5,6,20,20,1,0.01,0.0,1.0
1900,10,5,10,20,20,0,0.01,0.0,1.0
1900,10,5,10,20,20,1,0.01,0.000143907710994,0.9999999198175816
1900,10,10,2,20,20,0,0.01,0.0,1.0
1900,10,10,2,20,20,1,0.01,0.0,1.0
1900,10,10,6,20,20,0,0.01,0.0,1.0
1900,10,10,6,20,20,1,0.01,0.0,1.0
1900,10,10,10,20,20,0,0.01,0.0,1.0
1900,10,10,10,20,20,1,0.01,0.0,1.0
2000,1,2,2,20,20,0,0.01,0.0,1.0
2000,1,2,2,20,20,1,0.01,0.0,1.0
2000,1,2,6,20,20,0,0.01,0.0,1.0
2000,1,2,6,20,20,1,0.01,0.0,1.0
2000,1,2,10,20,20,0,0.01,0.0,1.0
2000,1,2,10,20,20,1,0.01,0.0,1.0
2000,1,5,2,20,20,0,0.01,0.0,1.0
2000,1,5,2,20,20,1,0.01,0.0,1.0
2000,1,5,6,20,20,0,0.01,0.0,1.0
2000,1,5,6,20,20,1,0.01,0.0,1.0
2000,1,5,10,20,20,0,0.01,0.0,1.0
2000,1,5,10,20,20,1,0.01,0.0,1.0
2000,1,10,2,20,20,0,0.01,0.0,1.0
2000,1,10,2,20,20,1,0.01,0.0,1.0
2000,1,10,6,20,20,0,0.01,0.0,1.0
2000,1,10,6,20,20,1,0.01,0.0,1.0
2000,1,10,10,20,20,0,0.01,0.0,1.0
2000,1,10,10,20,20,1,0.01,0.0,1.0
2000,5,2,2,20,20,0,0.01,0.0,1.0
2000,5,2,2,20,20,1,0.01,0.0199927614085491,0.9999942349837676
2000,5,2,6,20,20,0,0.01,0.0,1.0
2000,5,2,6,20,20,1,0.01,0.0,1.0
2000,5,2,10,20,20,0,0.01,0.0,1.0
2000,5,2,10,20,20,1,0.01,0.0,1.0
2000,5,5,2,20,20,0,0.01,0.0,1.0
2000,5,5,2,20,20,1,0.01,0.0,1.0
2000,5,5,6,20,20,0,0.01,0.0,1.0
2000,5,5,6,20,20,1,0.01,0.0,1.0
2000,5,5,10,20,20,0,0.01,0.0,1.0
2000,5,5,10,20,20,1,0.01,0.0,1.0
2000,5,10,2,20,20,0,0.01,0.0,1.0
2000,5,10,2,20,20,1,0.01,0.0,1.0
2000,5,10,6,20,20,0,0.01,0.0,1.0
2000,5,10,6,20,20,1,0.01,0.0,1.0
2000,5,10,10,20,20,0,0.01,0.0,1.0
2000,5,10,10,20,20,1,0.01,0.0,1.0
2000,10,2,2,20,20,0,0.01,0.0,1.0
2000,10,2,2,20,20,1,0.01,0.0,1.0
2000,10,2,6,20,20,0,0.01,0.0,1.0
2000,10,2,6,20,20,1,0.01,0.0,1.0
2000,10,2,10,20,20,0,0.01,0.0,1.0
2000,10,2,10,20,20,1,0.01,0.0,1.0
2000,10,5,2,20,20,0,0.01,0.0,1.0
2000,10,5,2,20,20,1,0.01,0.0012729040065947,0.9999997445712324
2000,10,5,6,20,20,0,0.01,0.0,1.0
2000,10,5,6,20,20,1,0.01,0.0,1.0
2000,10,5,10,20,20,0,0.01,0.0,1.0
2000,10,5,10,20,20,1,0.01,1.812024076767e-05,0.99999998278409
2000,10,10,2,20,20,0,0.01,0.0,1.0
2000,10,10,2,20,20,1,0.01,0.0,1.0
2000,10,10,6,20,20,0,0.01,0.0,1.0
2000,10,10,6,20,20,1,0.01,0.0,1.0
2000,10,10,10,20,20,0,0.01,0.0,1.0
2000,10,10,10,20,20,1,0.01,0.0,1.0
